factor,n_records,p_serious_or_fatal_given_factor,baseline,risk_ratio,top_outcome_edges
DECISION_INAPPROPRIATE,21932,0.2856,0.2615,1.092,"GROUND_IMPACT:4987;GROUND_COLLISION:988;RUNWAY_EXCURSION_OR_OVERRUN:845"
CONTROL_INPUT_IMPROPER,28006,0.2023,0.2615,0.774,"GROUND_IMPACT:6117;RUNWAY_EXCURSION_OR_OVERRUN:3247;GROUND_COLLISION:3110"
PROCEDURE_NOT_FOLLOWED,16385,0.2212,0.2615,0.846,"GROUND_IMPACT:3564;RUNWAY_EXCURSION_OR_OVERRUN:927;GROUND_COLLISION:679"
PERCEPTION_FAILURE,9301,0.2949,0.2615,1.128,"GROUND_COLLISION:906;GROUND_IMPACT:566;MIDAIR_COLLISION:354"
SPATIAL_DISORIENTATION,934,0.8062,0.2615,3.083,"GROUND_IMPACT:166;WATER_IMPACT:18;GROUND_COLLISION:3"
PILOT_INCAPACITATION_OR_IMPAIRMENT,1322,0.7595,0.2615,2.904,"INJURY_OR_FATALITY:65;GROUND_IMPACT:57;GROUND_COLLISION:18"
TRAINING_OR_CURRENCY_GAP,1083,0.5069,0.2615,1.938,"GROUND_COLLISION:2;GROUND_IMPACT:1"
CREW_COORDINATION_FAILURE,1922,0.1696,0.2615,0.649,"GROUND_IMPACT:242;GROUND_COLLISION:106;RUNWAY_EXCURSION_OR_OVERRUN:100"
ATC_OR_DISPATCH_INADEQUATE,356,0.2444,0.2615,0.934,"MIDAIR_COLLISION:67;GROUND_COLLISION:51;GROUND_IMPACT:4"
GROUND_PERSONNEL_ERROR,1204,0.1296,0.2615,0.495,"GROUND_COLLISION:331;INJURY_OR_FATALITY:28;GROUND_IMPACT:5"
ENGINE_FAILURE,16406,0.2373,0.2615,0.907,"GROUND_IMPACT:6343;EMERGENCY_LANDING:630;WATER_IMPACT:426"
FUEL_SYSTEM_ANOMALY,1674,0.2061,0.2615,0.788,"GROUND_IMPACT:45;EMERGENCY_LANDING:7;GROUND_COLLISION:5"
AIRFRAME_STRUCTURAL_FAILURE,2728,0.2221,0.2615,0.849,"GROUND_IMPACT:616;GROUND_COLLISION:90;RUNWAY_EXCURSION_OR_OVERRUN:71"
CONTROL_SURFACE_ANOMALY,1808,0.2008,0.2615,0.768,"GROUND_IMPACT:179;GROUND_COLLISION:62;RUNWAY_EXCURSION_OR_OVERRUN:56"
INSTRUMENT_OR_AVIONICS_FAILURE,786,0.2048,0.2615,0.783,"EMERGENCY_LANDING:11;GROUND_IMPACT:7;RUNWAY_EXCURSION_OR_OVERRUN:5"
LANDING_GEAR_ANOMALY,4321,0.0199,0.2615,0.076,"GROUND_IMPACT:1469;RUNWAY_EXCURSION_OR_OVERRUN:967;GROUND_COLLISION:394"
AUTOMATION_ANOMALY,416,0.2788,0.2615,1.066,"GROUND_IMPACT:26;RUNWAY_EXCURSION_OR_OVERRUN:10;SUCCESSFUL_RECOVERY:8"
INFLIGHT_FIRE_OR_SMOKE,1681,0.2070,0.2615,0.792,"GROUND_IMPACT:219;INJURY_OR_FATALITY:138;GROUND_COLLISION:126"
OTHER_SYSTEM_FAILURE,3652,0.1706,0.2615,0.652,"GROUND_IMPACT:186;RUNWAY_EXCURSION_OR_OVERRUN:114;GROUND_COLLISION:96"
ICING_ENCOUNTER,449,0.5011,0.2615,1.916,"GROUND_IMPACT:7;RUNWAY_EXCURSION_OR_OVERRUN:2;WATER_IMPACT:1"
TURBULENCE_ENCOUNTER,1472,0.5183,0.2615,1.982,"INJURY_OR_FATALITY:401;GROUND_IMPACT:44;GROUND_COLLISION:33"
THUNDERSTORM_OR_CONVECTIVE,318,0.6006,0.2615,2.297,"GROUND_IMPACT:5;INJURY_OR_FATALITY:1;INFLIGHT_BREAKUP:1"
LOW_VISIBILITY_OR_IMC,2605,0.7140,0.2615,2.730,"GROUND_IMPACT:77;GROUND_COLLISION:16;WATER_IMPACT:7"
WIND_SHEAR_OR_GUST,2195,0.1412,0.2615,0.540,"GROUND_IMPACT:114;GROUND_COLLISION:72;RUNWAY_EXCURSION_OR_OVERRUN:72"
BIRD_OR_WILDLIFE_STRIKE,686,0.1137,0.2615,0.435,"GROUND_COLLISION:108;GROUND_IMPACT:92;INJURY_OR_FATALITY:34"
TERRAIN_OR_OBSTACLE_PROXIMITY,3028,0.3428,0.2615,1.311,"GROUND_IMPACT:1053;GROUND_COLLISION:753;MIDAIR_COLLISION:23"
RUNWAY_CONDITION_HAZARD,4378,0.0608,0.2615,0.232,"GROUND_IMPACT:798;RUNWAY_EXCURSION_OR_OVERRUN:531;GROUND_COLLISION:486"
MAINTENANCE_INADEQUATE,5641,0.2211,0.2615,0.845,"GROUND_IMPACT:17;GROUND_COLLISION:7;RUNWAY_EXCURSION_OR_OVERRUN:6"
ORG_OR_REGULATORY_INADEQUATE,825,0.3624,0.2615,1.386,"GROUND_COLLISION:11;INJURY_OR_FATALITY:5;RUNWAY_EXCURSION_OR_OVERRUN:3"
DESIGN_DEFECT_LATENT,774,0.2946,0.2615,1.126,"GROUND_IMPACT:7;GROUND_COLLISION:4;INJURY_OR_FATALITY:3"
STALL,6641,0.4892,0.2615,1.871,"GROUND_IMPACT:3113;GROUND_COLLISION:173;RUNWAY_EXCURSION_OR_OVERRUN:83"
LOSS_OF_CONTROL_INFLIGHT,9813,0.5902,0.2615,2.257,"GROUND_IMPACT:7355;WATER_IMPACT:457;GROUND_COLLISION:453"
LOSS_OF_CONTROL_GROUND,8635,0.0649,0.2615,0.248,"GROUND_COLLISION:2705;GROUND_IMPACT:2370;RUNWAY_EXCURSION_OR_OVERRUN:2213"
STRUCTURAL_OVERLOAD,1341,0.2789,0.2615,1.066,"GROUND_IMPACT:432;INFLIGHT_BREAKUP:95;RUNWAY_EXCURSION_OR_OVERRUN:73"
ALTITUDE_DEVIATION_UNCONTROLLED,1128,0.6738,0.2615,2.576,"GROUND_IMPACT:729;GROUND_COLLISION:111;WATER_IMPACT:53"
FUEL_EXHAUSTION_OR_STARVATION,5414,0.2396,0.2615,0.916,"GROUND_IMPACT:30;EMERGENCY_LANDING:13;WATER_IMPACT:5"
FUEL_CONTAMINATION,1097,0.2744,0.2615,1.049,"GROUND_IMPACT:10;GROUND_COLLISION:1"
CARBURETOR_OR_INDUCTION_ICING,1456,0.2266,0.2615,0.867,"GROUND_IMPACT:31;GROUND_COLLISION:2;SUCCESSFUL_RECOVERY:1"
ADVERSE_WIND_CONDITION,8768,0.1608,0.2615,0.615,"RUNWAY_EXCURSION_OR_OVERRUN:193;GROUND_IMPACT:149;GROUND_COLLISION:102"
HIGH_DENSITY_ALTITUDE,1372,0.3520,0.2615,1.346,"GROUND_IMPACT:43;RUNWAY_EXCURSION_OR_OVERRUN:18;GROUND_COLLISION:8"
DARK_NIGHT_OR_LOW_LIGHT,2349,0.4879,0.2615,1.865,"GROUND_IMPACT:164;GROUND_COLLISION:49;WATER_IMPACT:7"
MOUNTAINOUS_OR_RISING_TERRAIN,2625,0.6248,0.2615,2.389,"GROUND_IMPACT:1269;GROUND_COLLISION:143;WATER_IMPACT:8"
UNSUITABLE_TERRAIN_FOR_FORCED_LANDING,1929,0.1649,0.2615,0.630,"GROUND_IMPACT:1393;GROUND_COLLISION:107;WATER_IMPACT:38"
AIRCRAFT_WEIGHT_OR_BALANCE_OUT_OF_LIMITS,1033,0.4308,0.2615,1.647,"GROUND_IMPACT:32;RUNWAY_EXCURSION_OR_OVERRUN:26;GROUND_COLLISION:4"
LATENT_MECHANICAL_DEFECT,8356,0.2214,0.2615,0.847,"GROUND_IMPACT:80;RUNWAY_EXCURSION_OR_OVERRUN:64;GROUND_COLLISION:58"
LOW_ALTITUDE_OPERATION,1366,0.5512,0.2615,2.108,"GROUND_IMPACT:235;GROUND_COLLISION:28;WATER_IMPACT:22"
PILOT_FATIGUE_OR_PHYSIOLOGICAL_STATE,1877,0.5360,0.2615,2.049,"GROUND_COLLISION:6;GROUND_IMPACT:5;INJURY_OR_FATALITY:2"
