src,dst,direction_score,support_count,llm_prior,laplacian_prior,bootstrap_stability,pc_directed,pc_oriented_by_llm,from_cpdag_undirected
DECISION_INAPPROPRIATE,RUNWAY_EXCURSION_OR_OVERRUN,0.5,15,,,0.1,0,0,1
CONTROL_INPUT_IMPROPER,PROCEDURE_NOT_FOLLOWED,0.5,34,,,0.06666666666666667,0,0,1
CONTROL_INPUT_IMPROPER,PERCEPTION_FAILURE,0.5,86,,,0.13333333333333333,0,0,1
PROCEDURE_NOT_FOLLOWED,CONTROL_INPUT_IMPROPER,0.5,34,,,0.5666666666666667,0,0,1
PROCEDURE_NOT_FOLLOWED,PERCEPTION_FAILURE,0.5,23,,,0.23333333333333334,0,0,1
PERCEPTION_FAILURE,CONTROL_INPUT_IMPROPER,0.5,86,,,0.9333333333333333,0,0,1
PERCEPTION_FAILURE,PROCEDURE_NOT_FOLLOWED,0.5,23,,,0.4666666666666667,0,0,1
TERRAIN_OR_OBSTACLE_PROXIMITY,INJURY_OR_FATALITY,0.5,11,,,0.5666666666666667,0,0,1
RUNWAY_EXCURSION_OR_OVERRUN,DECISION_INAPPROPRIATE,0.5,15,,,0.5666666666666667,0,0,1
RUNWAY_EXCURSION_OR_OVERRUN,LANDING_GEAR_ANOMALY,0.5454545454545454,21,,,0.5666666666666667,1,0,0
RUNWAY_EXCURSION_OR_OVERRUN,GROUND_IMPACT,0.8909090909090909,70,,,0.7333333333333333,1,0,0
INJURY_OR_FATALITY,TERRAIN_OR_OBSTACLE_PROXIMITY,0.5,11,,,0.7,0,0,1
