src,dst,direction_score,support_count,llm_prior,laplacian_prior,bootstrap_stability,pc_directed,pc_oriented_by_llm,from_cpdag_undirected,reoriented,llm_evidence
DECISION_INAPPROPRIATE,CONTROL_INPUT_IMPROPER,0.8112244897959184,417,,0.9735921190483747,,1,0,0,1,b_before_a
DECISION_INAPPROPRIATE,TERRAIN_OR_OBSTACLE_PROXIMITY,0.75,29,,0.7645404140889801,,1,0,0,1,b_before_a
DECISION_INAPPROPRIATE,RUNWAY_EXCURSION_OR_OVERRUN,0.6639999999999999,294,,0.9838340354640908,,1,0,0,1,b_before_a
CONTROL_INPUT_IMPROPER,AIRFRAME_STRUCTURAL_FAILURE,0.7857142857142857,137,,0.8998269348907438,,1,0,0,1,b_before_a
CONTROL_INPUT_IMPROPER,CONTROL_SURFACE_ANOMALY,0.56,48,,0.9228292143207059,,1,0,0,1,b_before_a
CONTROL_INPUT_IMPROPER,LOSS_OF_CONTROL_GROUND,0.6860986547085202,1510,,0.9958360380222815,,1,0,0,1,b_before_a
PROCEDURE_NOT_FOLLOWED,CONTROL_INPUT_IMPROPER,0.73,267,,0.9831813766314678,,1,0,0,0,concurrent
PROCEDURE_NOT_FOLLOWED,ENGINE_FAILURE,0.6363636363636364,24,,0.9755663097127696,,1,0,0,1,b_before_a
PROCEDURE_NOT_FOLLOWED,LOSS_OF_CONTROL_INFLIGHT,0.736842105263158,36,,0.9606267766143745,,1,0,0,1,b_before_a
PROCEDURE_NOT_FOLLOWED,RUNWAY_EXCURSION_OR_OVERRUN,0.6727272727272727,192,,0.9835476804299372,,1,0,0,1,b_before_a
CREW_COORDINATION_FAILURE,RUNWAY_EXCURSION_OR_OVERRUN,0.9444444444444444,48,,0.9618600118120153,,1,0,0,1,b_before_a
LANDING_GEAR_ANOMALY,PROCEDURE_NOT_FOLLOWED,0.5,24,,0.9813213090527062,,1,0,0,0,b_before_a
LANDING_GEAR_ANOMALY,GROUND_IMPACT,0.7074235807860262,309,,0.9764016499066562,,1,0,0,0,a_before_b
WIND_SHEAR_OR_GUST,PROCEDURE_NOT_FOLLOWED,0.4,34,,0.9699495934344123,,1,0,0,0,unrelated
WIND_SHEAR_OR_GUST,LOSS_OF_CONTROL_GROUND,0.9649122807017544,266,,0.9831761176819572,,1,0,0,0,a_before_b
TERRAIN_OR_OBSTACLE_PROXIMITY,LOSS_OF_CONTROL_INFLIGHT,0.625,10,,0.692207706406586,,1,0,0,1,b_before_a
RUNWAY_CONDITION_HAZARD,TERRAIN_OR_OBSTACLE_PROXIMITY,0.8333333333333334,14,,0.6962560682664757,,1,0,0,0,unrelated
RUNWAY_CONDITION_HAZARD,RUNWAY_EXCURSION_OR_OVERRUN,0.95,139,0.95,0.9918930119914703,,0,1,1,0,a_before_b
MAINTENANCE_INADEQUATE,CONTROL_INPUT_IMPROPER,0.5,42,,0.9783718169269943,,1,0,0,0,a_before_b
MAINTENANCE_INADEQUATE,LOSS_OF_CONTROL_GROUND,0.5,34,,0.9741857794659939,,1,0,0,0,a_before_b
STALL,LOSS_OF_CONTROL_INFLIGHT,0.5454545454545454,12,,0.9809009775126727,,1,0,0,0,a_before_b
LOSS_OF_CONTROL_INFLIGHT,RUNWAY_EXCURSION_OR_OVERRUN,0.631578947368421,35,,0.9668278408344239,,1,0,0,1,b_before_a
LOSS_OF_CONTROL_GROUND,DECISION_INAPPROPRIATE,0.5112781954887218,302,,0.9807316667454736,,1,0,0,0,b_before_a
LOSS_OF_CONTROL_GROUND,LOSS_OF_CONTROL_INFLIGHT,0.3333333333333333,11,,0.967157630921251,,1,0,0,0,unrelated
LOSS_OF_CONTROL_GROUND,RUNWAY_EXCURSION_OR_OVERRUN,0.7685185185185185,964,,0.9892488255832289,,1,0,0,1,b_before_a
STRUCTURAL_OVERLOAD,GROUND_IMPACT,0.2717391304347826,196,,0.9193335756078183,,1,0,0,0,a_before_b
GROUND_IMPACT,AIRFRAME_STRUCTURAL_FAILURE,0.6040268456375839,155,,0.8864738896342701,,1,0,0,0,b_before_a
RUNWAY_EXCURSION_OR_OVERRUN,GROUND_IMPACT,0.9594356261022927,1583,,0.9843396276695603,,1,0,0,0,a_before_b
