temp_c,dew_c,p_ice
7.222222222222222,-17.77777777777778,0.3408499182770546
10.0,-17.77777777777778,0.2427227678897773
15.0,13.88888888888889,0.9322648410641398
-6.111111111111111,-17.77777777777778,0.5391707908632919
-12.222222222222221,-17.77777777777778,0.5684597516930939
-18.88888888888889,-17.77777777777778,0.5491706575777417
3.888888888888889,-17.77777777777778,0.42133099656689965
27.77777777777778,18.88888888888889,0.6251755901928214
26.11111111111111,15.0,0.7272540029928163
32.22222222222222,17.77777777777778,0.0
22.22222222222222,17.22222222222222,0.8526007041238768
31.11111111111111,13.88888888888889,0.20515754564360555
27.77777777777778,17.77777777777778,0.6251755901928214
17.77777777777778,17.77777777777778,0.9128497537663107
28.88888888888889,22.22222222222222,0.5270746048861651
27.22222222222222,21.11111111111111,0.6642019936589635
16.11111111111111,7.777777777777778,0.9255412374141344
7.222222222222222,-1.1111111111111112,0.9441836455716147
28.88888888888889,13.88888888888889,0.5270746048861651
2.2222222222222223,-12.222222222222221,0.6768098939298477
21.11111111111111,6.111111111111111,0.8727984913070705
17.77777777777778,16.11111111111111,0.9128497537663107
26.11111111111111,16.11111111111111,0.7272540029928163
21.11111111111111,12.777777777777779,0.8727984913070705
32.22222222222222,18.88888888888889,0.0
23.88888888888889,18.88888888888889,0.8119240799750855
-8.88888888888889,-17.22222222222222,0.5738754466663751
17.77777777777778,2.2222222222222223,0.9128497537663107
1.1111111111111112,1.1111111111111112,0.9661215096774146
23.88888888888889,21.11111111111111,0.8119240799750855
17.77777777777778,-2.2222222222222223,0.848924505732652
15.0,8.88888888888889,0.9322648410641398
21.11111111111111,13.88888888888889,0.8727984913070705
30.0,22.22222222222222,0.3926440742161753
16.11111111111111,2.7777777777777777,0.9255412374141344
16.11111111111111,6.111111111111111,0.9255412374141344
13.88888888888889,13.88888888888889,0.9379136746225377
20.0,7.222222222222222,0.8889976888926338
28.88888888888889,23.88888888888889,0.5270746048861651
25.0,12.222222222222221,0.7751039085679078
23.88888888888889,16.11111111111111,0.8119240799750855
32.22222222222222,22.77777777777778,0.0
26.11111111111111,22.77777777777778,0.7272540029928163
28.88888888888889,22.22222222222222,0.5270746048861651
3.888888888888889,2.7777777777777777,0.9631497065963988
3.888888888888889,-8.88888888888889,0.7796935248806038
-17.22222222222222,-17.77777777777778,0.5816668283104058
16.11111111111111,7.222222222222222,0.9255412374141344
-6.111111111111111,-11.11111111111111,0.7627165990243854
13.88888888888889,7.222222222222222,0.9379136746225377
32.22222222222222,18.88888888888889,0.0
31.11111111111111,-17.77777777777778,0.0
22.22222222222222,15.0,0.8526007041238768
7.222222222222222,6.111111111111111,0.9580245809532004
32.77777777777778,20.0,0.0
3.888888888888889,-6.111111111111111,0.8594121801538575
27.22222222222222,-17.77777777777778,0.0
22.22222222222222,7.777777777777778,0.8526007041238768
22.77777777777778,17.22222222222222,0.84062542410347
17.22222222222222,10.0,0.9174822046145104
12.222222222222221,11.11111111111111,0.9448022164695487
-7.222222222222222,-17.77777777777778,0.5459940474935875
22.22222222222222,12.222222222222221,0.8526007041238768
-2.2222222222222223,-7.777777777777778,0.8418149583318653
11.11111111111111,6.111111111111111,0.948556813824611
3.888888888888889,2.7777777777777777,0.9631497065963988
11.11111111111111,-17.77777777777778,0.19217529826705348
11.11111111111111,5.0,0.948556813824611
17.22222222222222,13.88888888888889,0.9174822046145104
2.2222222222222223,-6.111111111111111,0.86664256897219
2.2222222222222223,-7.777777777777778,0.8235985037449518
12.777777777777779,12.777777777777779,0.9426901486768334
20.0,13.88888888888889,0.8889976888926338
2.2222222222222223,1.1111111111111112,0.9650449059790285
18.88888888888889,2.2222222222222223,0.902120393634212
11.11111111111111,-5.0,0.8400965374921954
10.0,7.777777777777778,0.9517757335790062
-6.111111111111111,-11.11111111111111,0.7627165990243854
-6.111111111111111,-10.0,0.7947611867046791
10.0,-17.77777777777778,0.2427227678897773
20.0,11.11111111111111,0.8889976888926338
32.77777777777778,18.88888888888889,0.0
27.22222222222222,23.88888888888889,0.6642019936589635
-16.11111111111111,-17.77777777777778,0.579311366047377
27.22222222222222,-17.77777777777778,0.0
32.22222222222222,22.22222222222222,0.0
27.77777777777778,18.88888888888889,0.6251755901928214
-1.1111111111111112,-17.77777777777778,0.4961033310210121
32.77777777777778,22.22222222222222,0.0
-2.7777777777777777,-3.888888888888889,0.9227126859047697
2.7777777777777777,-2.7777777777777777,0.9301379779704775
25.0,8.88888888888889,0.7751039085679078
12.777777777777779,-5.0,0.8218608849160665
28.88888888888889,16.11111111111111,0.5270746048861651
23.88888888888889,-17.77777777777778,0.0
-7.777777777777778,-11.11111111111111,0.7678373459760066
-6.111111111111111,-8.88888888888889,0.8245565978224989
-16.11111111111111,-17.77777777777778,0.579311366047377
-7.222222222222222,-12.777777777777779,0.7152627271498493
27.22222222222222,21.11111111111111,0.6642019936589635
-2.7777777777777777,-3.888888888888889,0.9227126859047697
20.0,12.777777777777779,0.8889976888926338
0.0,-7.222222222222222,0.8480864548092799
17.22222222222222,12.222222222222221,0.9174822046145104
-16.11111111111111,-17.77777777777778,0.579311366047377
17.22222222222222,16.11111111111111,0.9174822046145104
16.11111111111111,12.222222222222221,0.9255412374141344
2.2222222222222223,1.1111111111111112,0.9650449059790285
17.77777777777778,12.222222222222221,0.9128497537663107
6.111111111111111,2.2222222222222223,0.9599681546232791
0.0,-2.2222222222222223,0.9429183201352086
-2.7777777777777777,-7.222222222222222,0.8569550819408301
-2.2222222222222223,-2.7777777777777777,0.9383951204457329
22.22222222222222,-17.77777777777778,0.0
-1.1111111111111112,-1.1111111111111112,0.9573303928029615
7.777777777777778,6.111111111111111,0.9569469046598221
36.111111111111114,22.22222222222222,0.0
-5.0,-7.222222222222222,0.8623573887511256
-1.1111111111111112,-2.7777777777777777,0.9369342293424274
18.88888888888889,12.777777777777779,0.902120393634212
-1.1111111111111112,-2.7777777777777777,0.9369342293424274
-6.111111111111111,-7.222222222222222,0.8646133359037759
16.11111111111111,11.11111111111111,0.9255412374141344
12.222222222222221,7.777777777777778,0.9448022164695487
-6.111111111111111,-6.111111111111111,0.8880413959455462
-5.0,-8.88888888888889,0.8216331854891223
17.22222222222222,16.11111111111111,0.9174822046145104
7.222222222222222,-3.888888888888889,0.895370058927751
8.88888888888889,2.2222222222222223,0.954548401833554
11.11111111111111,-1.1111111111111112,0.9315939857732083
27.22222222222222,16.11111111111111,0.6642019936589635
7.222222222222222,6.111111111111111,0.9580245809532004
-3.888888888888889,-8.88888888888889,0.8183414883821556
17.22222222222222,15.0,0.9174822046145104
7.777777777777778,-3.888888888888889,0.8926837913542119
23.88888888888889,12.222222222222221,0.8119240799750855
15.0,2.2222222222222223,0.9322648410641398
3.888888888888889,-2.7777777777777777,0.9275760113058422
3.888888888888889,-2.7777777777777777,0.9275760113058422
7.222222222222222,-8.88888888888889,0.7490533790171598
22.77777777777778,16.11111111111111,0.84062542410347
17.77777777777778,-2.2222222222222223,0.848924505732652
17.77777777777778,17.22222222222222,0.9128497537663107
21.11111111111111,18.88888888888889,0.8727984913070705
7.222222222222222,6.111111111111111,0.9580245809532004
-3.888888888888889,-11.11111111111111,0.7543107981385346
7.777777777777778,3.888888888888889,0.9569469046598221
26.11111111111111,18.88888888888889,0.7272540029928163
2.7777777777777777,-6.111111111111111,0.8643854122885939
-12.222222222222221,-17.77777777777778,0.5684597516930939
3.888888888888889,1.1111111111111112,0.9631497065963988
7.777777777777778,7.222222222222222,0.9569469046598221
23.88888888888889,-17.77777777777778,0.0
7.777777777777778,7.222222222222222,0.9569469046598221
20.0,2.2222222222222223,0.8889976888926338
-3.888888888888889,-6.111111111111111,0.8840752452191569
17.77777777777778,8.88888888888889,0.9128497537663107
21.11111111111111,13.88888888888889,0.8727984913070705
27.77777777777778,15.0,0.6251755901928214
15.0,-6.111111111111111,0.7415831071566471
13.88888888888889,2.7777777777777777,0.9379136746225377
23.88888888888889,-17.77777777777778,0.0
11.11111111111111,8.88888888888889,0.948556813824611
13.88888888888889,-17.77777777777778,0.02504352843257962
13.88888888888889,5.0,0.9379136746225377
21.11111111111111,8.88888888888889,0.8727984913070705
20.0,7.777777777777778,0.8889976888926338
17.77777777777778,-17.77777777777778,0.0
13.88888888888889,11.11111111111111,0.9379136746225377
15.0,12.777777777777779,0.9322648410641398
22.77777777777778,11.11111111111111,0.84062542410347
12.777777777777779,5.0,0.9426901486768334
22.77777777777778,7.777777777777778,0.84062542410347
18.88888888888889,12.222222222222221,0.902120393634212
15.0,1.1111111111111112,0.9322648410641398
18.88888888888889,5.0,0.902120393634212
16.11111111111111,11.11111111111111,0.9255412374141344
13.88888888888889,2.7777777777777777,0.9379136746225377
12.777777777777779,-17.77777777777778,0.10004964712614761
6.111111111111111,-1.1111111111111112,0.9467680914042065
17.77777777777778,12.777777777777779,0.9128497537663107
27.22222222222222,10.0,0.6642019936589635
22.22222222222222,12.777777777777779,0.8526007041238768
11.11111111111111,3.888888888888889,0.948556813824611
7.222222222222222,6.111111111111111,0.9580245809532004
15.0,-1.1111111111111112,0.909929913166281
35.0,22.77777777777778,0.0
26.11111111111111,12.222222222222221,0.7272540029928163
12.777777777777779,-17.77777777777778,0.10004964712614761
15.0,12.222222222222221,0.9322648410641398
27.77777777777778,17.77777777777778,0.6251755901928214
11.11111111111111,-3.888888888888889,0.8717702488664002
23.88888888888889,22.77777777777778,0.8119240799750855
21.11111111111111,17.77777777777778,0.8727984913070705
31.11111111111111,22.77777777777778,0.20515754564360555
30.0,21.11111111111111,0.3926440742161753
32.22222222222222,23.88888888888889,0.0
17.77777777777778,3.888888888888889,0.9128497537663107
26.11111111111111,23.88888888888889,0.7272540029928163
2.7777777777777777,-5.0,0.8895082961584202
28.88888888888889,17.77777777777778,0.5270746048861651
22.77777777777778,22.22222222222222,0.84062542410347
2.7777777777777777,2.7777777777777777,0.9644532694763823
26.11111111111111,22.22222222222222,0.7272540029928163
27.22222222222222,15.0,0.6642019936589635
22.22222222222222,17.22222222222222,0.8526007041238768
20.0,-17.77777777777778,0.0
12.777777777777779,1.1111111111111112,0.9426901486768334
30.0,17.77777777777778,0.3926440742161753
-3.888888888888889,-13.88888888888889,0.6629463366640871
23.88888888888889,21.11111111111111,0.8119240799750855
12.777777777777779,-7.222222222222222,0.7356042678890486
7.222222222222222,2.2222222222222223,0.9580245809532004
-2.2222222222222223,-12.777777777777779,0.6912935757756938
1.1111111111111112,1.1111111111111112,0.9661215096774146
22.77777777777778,17.22222222222222,0.84062542410347
17.22222222222222,7.777777777777778,0.9174822046145104
17.77777777777778,3.888888888888889,0.9128497537663107
2.7777777777777777,-17.77777777777778,0.4418011573987476
-3.888888888888889,-6.111111111111111,0.8840752452191569
12.222222222222221,7.222222222222222,0.9448022164695487
7.222222222222222,-17.77777777777778,0.3408499182770546
-2.7777777777777777,-17.77777777777778,0.5131036213922722
1.1111111111111112,-5.0,0.8946937717145085
22.77777777777778,12.222222222222221,0.84062542410347
2.7777777777777777,-7.777777777777778,0.8206127997373108
3.888888888888889,-1.1111111111111112,0.9509987253465616
6.111111111111111,2.7777777777777777,0.9599681546232791
12.222222222222221,1.1111111111111112,0.9448022164695487
16.11111111111111,11.11111111111111,0.9255412374141344
12.777777777777779,2.7777777777777777,0.9426901486768334
3.888888888888889,1.1111111111111112,0.9631497065963988
1.1111111111111112,-6.111111111111111,0.8707499274981229
7.777777777777778,2.7777777777777777,0.9569469046598221
15.0,7.222222222222222,0.9322648410641398
12.222222222222221,3.888888888888889,0.9448022164695487
21.11111111111111,7.222222222222222,0.8727984913070705
7.222222222222222,7.222222222222222,0.9580245809532004
27.77777777777778,5.0,0.6251755901928214
7.222222222222222,1.1111111111111112,0.9580245809532004
6.111111111111111,6.111111111111111,0.9599681546232791
22.22222222222222,-17.77777777777778,0.0
22.77777777777778,16.11111111111111,0.84062542410347
7.222222222222222,6.111111111111111,0.9580245809532004
17.22222222222222,12.777777777777779,0.9174822046145104
28.88888888888889,18.88888888888889,0.5270746048861651
22.22222222222222,11.11111111111111,0.8526007041238768
13.88888888888889,3.888888888888889,0.9379136746225377
30.0,20.0,0.3926440742161753
12.777777777777779,-17.77777777777778,0.10004964712614761
22.77777777777778,13.88888888888889,0.84062542410347
22.77777777777778,20.0,0.84062542410347
17.22222222222222,16.11111111111111,0.9174822046145104
23.88888888888889,20.0,0.8119240799750855
21.11111111111111,17.77777777777778,0.8727984913070705
22.22222222222222,16.11111111111111,0.8526007041238768
15.0,15.0,0.9322648410641398
21.11111111111111,17.22222222222222,0.8727984913070705
11.11111111111111,6.111111111111111,0.948556813824611
12.222222222222221,-2.7777777777777777,0.89151663986585
2.2222222222222223,-17.77777777777778,0.45109176742540835
-13.88888888888889,-16.11111111111111,0.6281738761686243
11.11111111111111,6.111111111111111,0.948556813824611
17.22222222222222,17.22222222222222,0.9174822046145104
27.22222222222222,17.22222222222222,0.6642019936589635
11.11111111111111,11.11111111111111,0.948556813824611
26.11111111111111,15.0,0.7272540029928163
17.22222222222222,13.88888888888889,0.9174822046145104
25.0,16.11111111111111,0.7751039085679078
17.77777777777778,10.0,0.9128497537663107
7.222222222222222,1.1111111111111112,0.9580245809532004
7.222222222222222,-1.1111111111111112,0.9441836455716147
-7.777777777777778,-12.777777777777779,0.7172205964308316
-1.1111111111111112,-1.1111111111111112,0.9573303928029615
28.88888888888889,21.11111111111111,0.5270746048861651
0.0,-17.77777777777778,0.48291658299788554
8.88888888888889,6.111111111111111,0.954548401833554
30.0,22.22222222222222,0.3926440742161753
15.0,1.1111111111111112,0.9322648410641398
-1.1111111111111112,-3.888888888888889,0.920014151186991
12.222222222222221,2.2222222222222223,0.9448022164695487
2.2222222222222223,-2.7777777777777777,0.931300755018394
10.0,6.111111111111111,0.9517757335790062
26.11111111111111,11.11111111111111,0.7272540029928163
27.77777777777778,12.222222222222221,0.6251755901928214
3.888888888888889,-17.77777777777778,0.42133099656689965
26.11111111111111,17.77777777777778,0.7272540029928163
17.22222222222222,6.111111111111111,0.9174822046145104
32.22222222222222,22.22222222222222,0.0
32.77777777777778,8.88888888888889,0.0
27.22222222222222,21.11111111111111,0.6642019936589635
35.0,25.0,0.0
20.0,18.88888888888889,0.8889976888926338
32.77777777777778,11.11111111111111,0.0
16.11111111111111,7.222222222222222,0.9255412374141344
22.22222222222222,21.11111111111111,0.8526007041238768
21.11111111111111,16.11111111111111,0.8727984913070705
15.0,12.222222222222221,0.9322648410641398
28.88888888888889,23.88888888888889,0.5270746048861651
10.0,7.777777777777778,0.9517757335790062
31.11111111111111,11.11111111111111,0.20515754564360555
22.22222222222222,18.88888888888889,0.8526007041238768
26.11111111111111,8.88888888888889,0.7272540029928163
16.11111111111111,7.777777777777778,0.9255412374141344
1.1111111111111112,-17.77777777777778,0.4679979337458273
-2.7777777777777777,-3.888888888888889,0.9227126859047697
15.0,7.222222222222222,0.9322648410641398
11.11111111111111,6.111111111111111,0.948556813824611
1.1111111111111112,-3.888888888888889,0.9155528514887066
16.11111111111111,3.888888888888889,0.9255412374141344
-7.777777777777778,-12.777777777777779,0.7172205964308316
0.0,-2.2222222222222223,0.9429183201352086
1.1111111111111112,-17.77777777777778,0.4679979337458273
-2.7777777777777777,-17.77777777777778,0.5131036213922722
6.111111111111111,-16.11111111111111,0.45174269414074397
16.11111111111111,13.88888888888889,0.9255412374141344
27.22222222222222,11.11111111111111,0.6642019936589635
17.77777777777778,11.11111111111111,0.9128497537663107
-1.1111111111111112,-1.1111111111111112,0.9573303928029615
7.222222222222222,2.2222222222222223,0.9580245809532004
28.88888888888889,22.77777777777778,0.5270746048861651
28.88888888888889,12.222222222222221,0.5270746048861651
2.7777777777777777,-7.222222222222222,0.8360071850833185
31.11111111111111,22.77777777777778,0.20515754564360555
28.88888888888889,11.11111111111111,0.5270746048861651
13.88888888888889,13.88888888888889,0.9379136746225377
22.22222222222222,17.22222222222222,0.8526007041238768
22.22222222222222,20.0,0.8526007041238768
21.11111111111111,16.11111111111111,0.8727984913070705
17.22222222222222,13.88888888888889,0.9174822046145104
22.77777777777778,11.11111111111111,0.84062542410347
12.777777777777779,7.222222222222222,0.9426901486768334
20.0,-17.77777777777778,0.0
21.11111111111111,-17.77777777777778,0.0
22.77777777777778,6.111111111111111,0.84062542410347
22.22222222222222,12.777777777777779,0.8526007041238768
33.888888888888886,21.11111111111111,0.0
6.111111111111111,2.7777777777777777,0.9599681546232791
1.1111111111111112,1.1111111111111112,0.9661215096774146
18.88888888888889,-3.888888888888889,0.7560206025624385
2.2222222222222223,-17.77777777777778,0.45109176742540835
18.88888888888889,16.11111111111111,0.902120393634212
8.88888888888889,-17.77777777777778,0.28626264308526106
8.88888888888889,3.888888888888889,0.954548401833554
12.777777777777779,2.2222222222222223,0.9426901486768334
-2.2222222222222223,-2.7777777777777777,0.9383951204457329
11.11111111111111,-1.1111111111111112,0.9315939857732083
7.777777777777778,7.222222222222222,0.9569469046598221
1.1111111111111112,-11.11111111111111,0.7260693178643634
21.11111111111111,11.11111111111111,0.8727984913070705
1.1111111111111112,-1.1111111111111112,0.9549504479934854
2.2222222222222223,2.2222222222222223,0.9650449059790285
2.7777777777777777,-17.77777777777778,0.4418011573987476
3.888888888888889,2.7777777777777777,0.9631497065963988
26.11111111111111,22.77777777777778,0.7272540029928163
17.22222222222222,13.88888888888889,0.9174822046145104
23.88888888888889,15.0,0.8119240799750855
1.1111111111111112,1.1111111111111112,0.9661215096774146
5.0,5.0,0.9616645892387358
28.88888888888889,22.22222222222222,0.5270746048861651
8.88888888888889,1.1111111111111112,0.954548401833554
12.222222222222221,3.888888888888889,0.9448022164695487
22.22222222222222,1.1111111111111112,0.8526007041238768
30.0,21.11111111111111,0.3926440742161753
32.22222222222222,17.22222222222222,0.0
23.88888888888889,18.88888888888889,0.8119240799750855
7.222222222222222,-17.77777777777778,0.3408499182770546
28.88888888888889,22.77777777777778,0.5270746048861651
21.11111111111111,13.88888888888889,0.8727984913070705
30.0,18.88888888888889,0.3926440742161753
28.88888888888889,20.0,0.5270746048861651
26.11111111111111,20.0,0.7272540029928163
28.88888888888889,16.11111111111111,0.5270746048861651
23.88888888888889,8.88888888888889,0.8119240799750855
8.88888888888889,0.0,0.954548401833554
28.88888888888889,22.22222222222222,0.5270746048861651
17.77777777777778,7.222222222222222,0.9128497537663107
5.0,3.888888888888889,0.9616645892387358
16.11111111111111,-17.77777777777778,0.0
20.0,6.111111111111111,0.8889976888926338
11.11111111111111,2.7777777777777777,0.948556813824611
16.11111111111111,0.0,0.9255412374141344
15.0,2.2222222222222223,0.9322648410641398
21.11111111111111,13.88888888888889,0.8727984913070705
22.77777777777778,16.11111111111111,0.84062542410347
7.222222222222222,3.888888888888889,0.9580245809532004
12.777777777777779,6.111111111111111,0.9426901486768334
-3.888888888888889,-8.88888888888889,0.8183414883821556
-2.7777777777777777,-6.111111111111111,0.8817083687680947
2.7777777777777777,-6.111111111111111,0.8643854122885939
12.777777777777779,1.1111111111111112,0.9426901486768334
0.0,-3.888888888888889,0.9179209576839455
21.11111111111111,21.11111111111111,0.8727984913070705
22.22222222222222,13.88888888888889,0.8526007041238768
25.0,16.11111111111111,0.7751039085679078
7.222222222222222,-2.7777777777777777,0.9175033088289914
7.222222222222222,5.0,0.9580245809532004
7.222222222222222,-6.111111111111111,0.8398592763893411
-2.7777777777777777,-7.222222222222222,0.8569550819408301
12.777777777777779,-17.77777777777778,0.10004964712614761
27.22222222222222,-17.77777777777778,0.0
7.222222222222222,2.7777777777777777,0.9580245809532004
8.88888888888889,7.222222222222222,0.954548401833554
31.11111111111111,22.77777777777778,0.20515754564360555
8.88888888888889,1.1111111111111112,0.954548401833554
27.77777777777778,22.77777777777778,0.6251755901928214
28.88888888888889,17.77777777777778,0.5270746048861651
18.88888888888889,6.111111111111111,0.902120393634212
32.22222222222222,18.88888888888889,0.0
7.777777777777778,2.7777777777777777,0.9569469046598221
26.11111111111111,11.11111111111111,0.7272540029928163
23.88888888888889,22.77777777777778,0.8119240799750855
27.77777777777778,21.11111111111111,0.6251755901928214
27.77777777777778,17.22222222222222,0.6251755901928214
27.77777777777778,25.0,0.6251755901928214
28.88888888888889,25.0,0.5270746048861651
7.222222222222222,-2.2222222222222223,0.9272353498282726
33.888888888888886,18.88888888888889,0.0
7.777777777777778,-3.888888888888889,0.8926837913542119
3.888888888888889,-2.7777777777777777,0.9275760113058422
1.1111111111111112,-1.1111111111111112,0.9549504479934854
2.7777777777777777,-1.1111111111111112,0.9527321238302725
11.11111111111111,6.111111111111111,0.948556813824611
1.1111111111111112,-2.7777777777777777,0.9334166658261052
11.11111111111111,8.88888888888889,0.948556813824611
0.0,0.0,0.9670715460520298
3.888888888888889,-17.77777777777778,0.42133099656689965
11.11111111111111,0.0,0.948556813824611
2.2222222222222223,2.2222222222222223,0.9650449059790285
-1.1111111111111112,-1.1111111111111112,0.9573303928029615
1.1111111111111112,-3.888888888888889,0.9155528514887066
28.88888888888889,18.88888888888889,0.5270746048861651
-8.88888888888889,-27.22222222222222,0.2544252251146575
-2.2222222222222223,-8.88888888888889,0.812604164594288
12.222222222222221,7.222222222222222,0.9448022164695487
37.22222222222222,15.0,0.0
28.88888888888889,12.222222222222221,0.5270746048861651
17.22222222222222,12.777777777777779,0.9174822046145104
27.22222222222222,13.88888888888889,0.6642019936589635
26.11111111111111,21.11111111111111,0.7272540029928163
21.11111111111111,17.22222222222222,0.8727984913070705
12.777777777777779,7.222222222222222,0.9426901486768334
16.11111111111111,11.11111111111111,0.9255412374141344
17.22222222222222,6.111111111111111,0.9174822046145104
-1.1111111111111112,-7.777777777777778,0.8380637762547147
-2.2222222222222223,-3.888888888888889,0.9218669885297031
3.888888888888889,-17.77777777777778,0.42133099656689965
3.888888888888889,0.0,0.9631497065963988
18.88888888888889,0.0,0.902120393634212
23.88888888888889,20.0,0.8119240799750855
15.0,7.222222222222222,0.9322648410641398
31.11111111111111,7.222222222222222,0.20515754564360555
-1.1111111111111112,-3.888888888888889,0.920014151186991
7.222222222222222,-17.77777777777778,0.3408499182770546
2.7777777777777777,0.0,0.9644532694763823
7.777777777777778,6.111111111111111,0.9569469046598221
-2.2222222222222223,-3.888888888888889,0.9218669885297031
31.11111111111111,15.0,0.20515754564360555
20.0,17.22222222222222,0.8889976888926338
7.222222222222222,1.1111111111111112,0.9580245809532004
2.7777777777777777,-1.1111111111111112,0.9527321238302725
8.88888888888889,1.1111111111111112,0.954548401833554
2.2222222222222223,-17.77777777777778,0.45109176742540835
7.777777777777778,8.88888888888889,0.9569469046598221
10.0,-17.77777777777778,0.2427227678897773
22.22222222222222,17.22222222222222,0.8526007041238768
27.22222222222222,23.88888888888889,0.6642019936589635
28.88888888888889,23.88888888888889,0.5270746048861651
13.88888888888889,-17.77777777777778,0.02504352843257962
7.777777777777778,-2.7777777777777777,0.9153852899890121
18.88888888888889,13.88888888888889,0.902120393634212
18.88888888888889,12.777777777777779,0.902120393634212
27.22222222222222,11.11111111111111,0.6642019936589635
31.11111111111111,26.11111111111111,0.20515754564360555
17.77777777777778,7.777777777777778,0.9128497537663107
8.88888888888889,8.88888888888889,0.954548401833554
17.77777777777778,12.222222222222221,0.9128497537663107
-2.7777777777777777,-8.88888888888889,0.8146325027207569
16.11111111111111,12.222222222222221,0.9255412374141344
11.11111111111111,6.111111111111111,0.948556813824611
12.777777777777779,8.88888888888889,0.9426901486768334
2.2222222222222223,2.2222222222222223,0.9650449059790285
1.1111111111111112,-1.1111111111111112,0.9549504479934854
16.11111111111111,2.2222222222222223,0.9255412374141344
-2.7777777777777777,-7.222222222222222,0.8569550819408301
6.111111111111111,-3.888888888888889,0.9002147037981973
-1.1111111111111112,-2.2222222222222223,0.9443740267085847
-3.888888888888889,-16.11111111111111,0.5838515735118117
15.0,12.222222222222221,0.9322648410641398
2.7777777777777777,-13.88888888888889,0.6056977331862119
-5.0,-6.111111111111111,0.8861758304135391
16.11111111111111,12.777777777777779,0.9255412374141344
2.7777777777777777,2.2222222222222223,0.9644532694763823
2.7777777777777777,1.1111111111111112,0.9644532694763823
-1.1111111111111112,-2.2222222222222223,0.9443740267085847
20.0,7.222222222222222,0.8889976888926338
7.777777777777778,7.222222222222222,0.9569469046598221
27.22222222222222,20.0,0.6642019936589635
15.0,7.222222222222222,0.9322648410641398
3.888888888888889,1.1111111111111112,0.9631497065963988
22.22222222222222,15.0,0.8526007041238768
31.11111111111111,17.22222222222222,0.20515754564360555
27.77777777777778,16.11111111111111,0.6251755901928214
31.11111111111111,25.0,0.20515754564360555
6.111111111111111,5.0,0.9599681546232791
13.88888888888889,12.777777777777779,0.9379136746225377
12.222222222222221,11.11111111111111,0.9448022164695487
13.88888888888889,12.222222222222221,0.9379136746225377
22.22222222222222,12.777777777777779,0.8526007041238768
11.11111111111111,-1.1111111111111112,0.9315939857732083
22.22222222222222,8.88888888888889,0.8526007041238768
17.77777777777778,13.88888888888889,0.9128497537663107
31.11111111111111,23.88888888888889,0.20515754564360555
27.77777777777778,17.22222222222222,0.6251755901928214
22.22222222222222,12.777777777777779,0.8526007041238768
-7.222222222222222,-11.11111111111111,0.7662299300087623
-1.1111111111111112,-2.7777777777777777,0.9369342293424274
18.88888888888889,-17.77777777777778,0.0
2.7777777777777777,-6.111111111111111,0.8643854122885939
-7.222222222222222,-17.77777777777778,0.5459940474935875
8.88888888888889,2.7777777777777777,0.954548401833554
27.22222222222222,22.22222222222222,0.6642019936589635
-8.88888888888889,-18.88888888888889,0.5167410317924925
2.7777777777777777,-6.111111111111111,0.8643854122885939
11.11111111111111,-17.77777777777778,0.19217529826705348
6.111111111111111,2.2222222222222223,0.9599681546232791
22.77777777777778,20.0,0.84062542410347
33.888888888888886,22.22222222222222,0.0
17.22222222222222,11.11111111111111,0.9174822046145104
28.88888888888889,21.11111111111111,0.5270746048861651
22.77777777777778,-3.888888888888889,0.6027352945332893
18.88888888888889,12.777777777777779,0.902120393634212
36.111111111111114,17.22222222222222,0.0
28.88888888888889,16.11111111111111,0.5270746048861651
17.22222222222222,10.0,0.9174822046145104
22.22222222222222,16.11111111111111,0.8526007041238768
23.88888888888889,16.11111111111111,0.8119240799750855
26.11111111111111,15.0,0.7272540029928163
21.11111111111111,2.7777777777777777,0.8727984913070705
15.0,7.777777777777778,0.9322648410641398
27.77777777777778,2.7777777777777777,0.6251755901928214
-1.1111111111111112,-5.0,0.9002570459370207
5.0,-1.1111111111111112,0.949023906781662
0.0,1.1111111111111112,0.9670715460520298
7.777777777777778,7.222222222222222,0.9569469046598221
10.0,7.222222222222222,0.9517757335790062
18.88888888888889,17.77777777777778,0.902120393634212
5.0,3.888888888888889,0.9616645892387358
28.88888888888889,21.11111111111111,0.5270746048861651
27.22222222222222,12.777777777777779,0.6642019936589635
31.11111111111111,16.11111111111111,0.20515754564360555
22.77777777777778,17.22222222222222,0.84062542410347
-2.2222222222222223,-17.77777777777778,0.5077758778403267
28.88888888888889,17.77777777777778,0.5270746048861651
12.222222222222221,-1.1111111111111112,0.9266013510011197
21.11111111111111,12.222222222222221,0.8727984913070705
15.0,6.111111111111111,0.9322648410641398
13.88888888888889,8.88888888888889,0.9379136746225377
27.77777777777778,16.11111111111111,0.6251755901928214
27.22222222222222,12.777777777777779,0.6642019936589635
17.22222222222222,12.222222222222221,0.9174822046145104
13.88888888888889,11.11111111111111,0.9379136746225377
22.77777777777778,18.88888888888889,0.84062542410347
23.88888888888889,-17.77777777777778,0.0
20.0,8.88888888888889,0.8889976888926338
22.77777777777778,13.88888888888889,0.84062542410347
23.88888888888889,17.77777777777778,0.8119240799750855
-21.11111111111111,-25.0,0.368761838409255
2.2222222222222223,-17.77777777777778,0.45109176742540835
30.0,12.777777777777779,0.3926440742161753
27.22222222222222,18.88888888888889,0.6642019936589635
18.88888888888889,5.0,0.902120393634212
47.77777777777778,-17.77777777777778,0.0
-1.1111111111111112,-5.0,0.9002570459370207
-12.222222222222221,-17.22222222222222,0.5869177157210953
-17.77777777777778,-22.22222222222222,0.44220512703149917
22.77777777777778,12.777777777777779,0.84062542410347
7.777777777777778,-17.77777777777778,0.3239269087399921
10.0,-17.77777777777778,0.2427227678897773
20.0,17.22222222222222,0.8889976888926338
17.22222222222222,15.0,0.9174822046145104
13.88888888888889,6.111111111111111,0.9379136746225377
15.0,5.0,0.9322648410641398
18.88888888888889,3.888888888888889,0.902120393634212
23.88888888888889,22.22222222222222,0.8119240799750855
22.22222222222222,12.777777777777779,0.8526007041238768
8.88888888888889,6.111111111111111,0.954548401833554
1.1111111111111112,-2.2222222222222223,0.9412714261668073
18.88888888888889,17.22222222222222,0.902120393634212
7.777777777777778,2.2222222222222223,0.9569469046598221
28.88888888888889,17.22222222222222,0.5270746048861651
23.88888888888889,12.777777777777779,0.8119240799750855
28.88888888888889,2.7777777777777777,0.5270746048861651
22.22222222222222,15.0,0.8526007041238768
25.0,22.22222222222222,0.7751039085679078
23.88888888888889,13.88888888888889,0.8119240799750855
21.11111111111111,16.11111111111111,0.8727984913070705
3.888888888888889,-1.1111111111111112,0.9509987253465616
17.22222222222222,12.222222222222221,0.9174822046145104
21.11111111111111,13.88888888888889,0.8727984913070705
12.222222222222221,0.0,0.9448022164695487
25.0,21.11111111111111,0.7751039085679078
7.222222222222222,5.0,0.9580245809532004
23.88888888888889,12.222222222222221,0.8119240799750855
20.0,1.1111111111111112,0.8889976888926338
8.88888888888889,5.0,0.954548401833554
-2.2222222222222223,-2.7777777777777777,0.9383951204457329
17.22222222222222,6.111111111111111,0.9174822046145104
23.88888888888889,12.777777777777779,0.8119240799750855
8.88888888888889,6.111111111111111,0.954548401833554
2.7777777777777777,-2.2222222222222223,0.9383795213952268
17.22222222222222,11.11111111111111,0.9174822046145104
8.88888888888889,6.111111111111111,0.954548401833554
-12.777777777777779,-18.88888888888889,0.5335281075759201
26.11111111111111,12.777777777777779,0.7272540029928163
31.11111111111111,21.11111111111111,0.20515754564360555
8.88888888888889,-7.222222222222222,0.7903116428436364
2.7777777777777777,-2.2222222222222223,0.9383795213952268
25.0,5.0,0.7751039085679078
20.0,7.222222222222222,0.8889976888926338
26.11111111111111,16.11111111111111,0.7272540029928163
13.88888888888889,1.1111111111111112,0.9379136746225377
32.22222222222222,22.22222222222222,0.0
22.77777777777778,6.111111111111111,0.84062542410347
23.88888888888889,18.88888888888889,0.8119240799750855
20.0,7.222222222222222,0.8889976888926338
30.0,17.22222222222222,0.3926440742161753
1.1111111111111112,-3.888888888888889,0.9155528514887066
17.22222222222222,-17.77777777777778,0.0
17.77777777777778,-17.77777777777778,0.0
27.77777777777778,18.88888888888889,0.6251755901928214
22.77777777777778,16.11111111111111,0.84062542410347
23.88888888888889,8.88888888888889,0.8119240799750855
27.22222222222222,21.11111111111111,0.6642019936589635
7.777777777777778,-1.1111111111111112,0.9427506173061148
28.88888888888889,18.88888888888889,0.5270746048861651
27.22222222222222,12.222222222222221,0.6642019936589635
22.22222222222222,16.11111111111111,0.8526007041238768
16.11111111111111,10.0,0.9255412374141344
13.88888888888889,7.222222222222222,0.9379136746225377
22.77777777777778,13.88888888888889,0.84062542410347
6.111111111111111,-1.1111111111111112,0.9467680914042065
22.22222222222222,13.88888888888889,0.8526007041238768
22.77777777777778,21.11111111111111,0.84062542410347
2.7777777777777777,-1.1111111111111112,0.9527321238302725
17.22222222222222,10.0,0.9174822046145104
33.888888888888886,22.77777777777778,0.0
13.88888888888889,6.111111111111111,0.9379136746225377
7.777777777777778,-2.7777777777777777,0.9153852899890121
2.2222222222222223,1.1111111111111112,0.9650449059790285
7.777777777777778,7.777777777777778,0.9569469046598221
21.11111111111111,17.22222222222222,0.8727984913070705
12.777777777777779,7.777777777777778,0.9426901486768334
23.88888888888889,11.11111111111111,0.8119240799750855
28.88888888888889,22.77777777777778,0.5270746048861651
7.777777777777778,-7.222222222222222,0.8013769989051166
8.88888888888889,7.222222222222222,0.954548401833554
30.0,20.0,0.3926440742161753
11.11111111111111,6.111111111111111,0.948556813824611
17.77777777777778,-17.77777777777778,0.0
27.22222222222222,12.777777777777779,0.6642019936589635
17.77777777777778,12.777777777777779,0.9128497537663107
30.0,22.77777777777778,0.3926440742161753
20.0,8.88888888888889,0.8889976888926338
23.88888888888889,17.22222222222222,0.8119240799750855
7.777777777777778,5.0,0.9569469046598221
22.77777777777778,16.11111111111111,0.84062542410347
-1.1111111111111112,-17.77777777777778,0.4961033310210121
30.0,17.77777777777778,0.3926440742161753
17.22222222222222,12.222222222222221,0.9174822046145104
27.77777777777778,21.11111111111111,0.6251755901928214
7.222222222222222,7.222222222222222,0.9580245809532004
22.77777777777778,18.88888888888889,0.84062542410347
23.88888888888889,13.88888888888889,0.8119240799750855
-1.1111111111111112,-2.2222222222222223,0.9443740267085847
28.88888888888889,16.11111111111111,0.5270746048861651
26.11111111111111,13.88888888888889,0.7272540029928163
8.88888888888889,2.2222222222222223,0.954548401833554
2.7777777777777777,2.2222222222222223,0.9644532694763823
15.0,11.11111111111111,0.9322648410641398
12.222222222222221,-10.0,0.6139616905441496
2.2222222222222223,-6.111111111111111,0.86664256897219
31.11111111111111,21.11111111111111,0.20515754564360555
7.222222222222222,1.1111111111111112,0.9580245809532004
27.77777777777778,18.88888888888889,0.6251755901928214
31.11111111111111,15.0,0.20515754564360555
26.11111111111111,13.88888888888889,0.7272540029928163
15.0,5.0,0.9322648410641398
31.11111111111111,15.0,0.20515754564360555
2.2222222222222223,-3.888888888888889,0.912869257516846
2.2222222222222223,-2.7777777777777777,0.931300755018394
20.0,17.77777777777778,0.8889976888926338
26.11111111111111,17.77777777777778,0.7272540029928163
5.0,3.888888888888889,0.9616645892387358
28.88888888888889,21.11111111111111,0.5270746048861651
8.88888888888889,3.888888888888889,0.954548401833554
-3.888888888888889,-16.11111111111111,0.5838515735118117
27.22222222222222,2.2222222222222223,0.6642019936589635
25.0,22.22222222222222,0.7751039085679078
8.88888888888889,1.1111111111111112,0.954548401833554
17.77777777777778,7.777777777777778,0.9128497537663107
30.0,23.88888888888889,0.3926440742161753
27.77777777777778,20.0,0.6251755901928214
22.77777777777778,13.88888888888889,0.84062542410347
17.77777777777778,2.7777777777777777,0.9128497537663107
26.11111111111111,15.0,0.7272540029928163
12.222222222222221,7.222222222222222,0.9448022164695487
28.88888888888889,20.0,0.5270746048861651
22.22222222222222,21.11111111111111,0.8526007041238768
3.888888888888889,-1.1111111111111112,0.9509987253465616
2.2222222222222223,-2.2222222222222223,0.9394051269548966
15.0,15.0,0.9322648410641398
7.222222222222222,-1.1111111111111112,0.9441836455716147
17.77777777777778,16.11111111111111,0.9128497537663107
1.1111111111111112,-2.2222222222222223,0.9412714261668073
27.22222222222222,22.77777777777778,0.6642019936589635
31.11111111111111,17.77777777777778,0.20515754564360555
5.0,0.0,0.9616645892387358
13.88888888888889,8.88888888888889,0.9379136746225377
2.7777777777777777,-2.2222222222222223,0.9383795213952268
17.77777777777778,7.222222222222222,0.9128497537663107
17.22222222222222,0.0,0.9174822046145104
0.0,-2.7777777777777777,0.9352838266353987
28.88888888888889,16.11111111111111,0.5270746048861651
26.11111111111111,12.777777777777779,0.7272540029928163
27.22222222222222,7.222222222222222,0.6642019936589635
2.7777777777777777,-7.777777777777778,0.8206127997373108
8.88888888888889,2.7777777777777777,0.954548401833554
7.777777777777778,3.888888888888889,0.9569469046598221
17.77777777777778,11.11111111111111,0.9128497537663107
10.0,6.111111111111111,0.9517757335790062
10.0,-3.888888888888889,0.8797938825040577
22.77777777777778,18.88888888888889,0.84062542410347
7.222222222222222,6.111111111111111,0.9580245809532004
0.0,-2.2222222222222223,0.9429183201352086
25.0,11.11111111111111,0.7751039085679078
18.88888888888889,0.0,0.902120393634212
12.222222222222221,-3.888888888888889,0.8624113595704481
26.11111111111111,17.22222222222222,0.7272540029928163
8.88888888888889,7.777777777777778,0.954548401833554
26.11111111111111,12.777777777777779,0.7272540029928163
26.11111111111111,8.88888888888889,0.7272540029928163
12.777777777777779,-17.77777777777778,0.10004964712614761
12.222222222222221,12.222222222222221,0.9448022164695487
28.88888888888889,16.11111111111111,0.5270746048861651
22.77777777777778,22.22222222222222,0.84062542410347
40.0,15.0,0.0
18.88888888888889,17.77777777777778,0.902120393634212
26.11111111111111,15.0,0.7272540029928163
27.22222222222222,16.11111111111111,0.6642019936589635
16.11111111111111,7.777777777777778,0.9255412374141344
12.222222222222221,5.0,0.9448022164695487
22.22222222222222,6.111111111111111,0.8526007041238768
22.77777777777778,5.0,0.84062542410347
22.77777777777778,21.11111111111111,0.84062542410347
18.88888888888889,6.111111111111111,0.902120393634212
30.0,22.77777777777778,0.3926440742161753
21.11111111111111,12.777777777777779,0.8727984913070705
31.11111111111111,22.22222222222222,0.20515754564360555
26.11111111111111,16.11111111111111,0.7272540029928163
12.222222222222221,3.888888888888889,0.9448022164695487
22.77777777777778,17.22222222222222,0.84062542410347
26.11111111111111,21.11111111111111,0.7272540029928163
22.22222222222222,18.88888888888889,0.8526007041238768
23.88888888888889,7.777777777777778,0.8119240799750855
23.88888888888889,16.11111111111111,0.8119240799750855
11.11111111111111,7.222222222222222,0.948556813824611
21.11111111111111,12.222222222222221,0.8727984913070705
3.888888888888889,-1.1111111111111112,0.9509987253465616
25.0,21.11111111111111,0.7751039085679078
11.11111111111111,7.777777777777778,0.948556813824611
25.0,18.88888888888889,0.7751039085679078
17.77777777777778,5.0,0.9128497537663107
11.11111111111111,-3.888888888888889,0.8717702488664002
22.77777777777778,17.77777777777778,0.84062542410347
20.0,6.111111111111111,0.8889976888926338
10.0,-5.0,0.8501020688857546
-7.222222222222222,-8.88888888888889,0.8271542963481453
21.11111111111111,16.11111111111111,0.8727984913070705
12.222222222222221,7.222222222222222,0.9448022164695487
3.888888888888889,3.888888888888889,0.9631497065963988
-3.888888888888889,-7.222222222222222,0.8598172425558498
7.222222222222222,-2.7777777777777777,0.9175033088289914
22.22222222222222,2.2222222222222223,0.8526007041238768
32.77777777777778,18.88888888888889,0.0
-2.2222222222222223,-7.777777777777778,0.8418149583318653
17.77777777777778,3.888888888888889,0.9128497537663107
13.88888888888889,10.0,0.9379136746225377
10.0,7.777777777777778,0.9517757335790062
26.11111111111111,16.11111111111111,0.7272540029928163
21.11111111111111,11.11111111111111,0.8727984913070705
26.11111111111111,18.88888888888889,0.7272540029928163
26.11111111111111,15.0,0.7272540029928163
27.22222222222222,12.777777777777779,0.6642019936589635
31.11111111111111,20.0,0.20515754564360555
27.22222222222222,18.88888888888889,0.6642019936589635
23.88888888888889,12.777777777777779,0.8119240799750855
7.777777777777778,-2.7777777777777777,0.9153852899890121
31.11111111111111,18.88888888888889,0.20515754564360555
16.11111111111111,12.777777777777779,0.9255412374141344
12.777777777777779,1.1111111111111112,0.9426901486768334
25.0,12.777777777777779,0.7751039085679078
7.222222222222222,1.1111111111111112,0.9580245809532004
23.88888888888889,13.88888888888889,0.8119240799750855
18.88888888888889,12.777777777777779,0.902120393634212
12.777777777777779,10.0,0.9426901486768334
3.888888888888889,-1.1111111111111112,0.9509987253465616
7.222222222222222,2.7777777777777777,0.9580245809532004
6.111111111111111,-2.2222222222222223,0.9306045468821146
32.22222222222222,21.11111111111111,0.0
-13.88888888888889,-17.22222222222222,0.5919009208737753
12.222222222222221,7.777777777777778,0.9448022164695487
13.88888888888889,12.222222222222221,0.9379136746225377
17.77777777777778,11.11111111111111,0.9128497537663107
18.88888888888889,10.0,0.902120393634212
23.88888888888889,6.111111111111111,0.8119240799750855
23.88888888888889,11.11111111111111,0.8119240799750855
27.22222222222222,1.1111111111111112,0.6642019936589635
27.77777777777778,22.22222222222222,0.6251755901928214
25.0,16.11111111111111,0.7751039085679078
17.22222222222222,11.11111111111111,0.9174822046145104
16.11111111111111,12.777777777777779,0.9255412374141344
12.777777777777779,8.88888888888889,0.9426901486768334
8.88888888888889,-1.1111111111111112,0.9395612344032496
28.88888888888889,17.22222222222222,0.5270746048861651
33.888888888888886,21.11111111111111,0.0
17.22222222222222,2.7777777777777777,0.9174822046145104
16.11111111111111,8.88888888888889,0.9255412374141344
28.88888888888889,22.22222222222222,0.5270746048861651
32.22222222222222,21.11111111111111,0.0
27.22222222222222,17.22222222222222,0.6642019936589635
17.22222222222222,7.777777777777778,0.9174822046145104
30.0,23.88888888888889,0.3926440742161753
22.77777777777778,-5.0,0.5046079293245611
27.22222222222222,13.88888888888889,0.6642019936589635
17.22222222222222,8.88888888888889,0.9174822046145104
8.88888888888889,6.111111111111111,0.954548401833554
8.88888888888889,2.7777777777777777,0.954548401833554
-10.0,-22.22222222222222,0.4116951813789822
27.77777777777778,23.88888888888889,0.6251755901928214
15.0,-1.1111111111111112,0.909929913166281
23.88888888888889,13.88888888888889,0.8119240799750855
17.77777777777778,10.0,0.9128497537663107
21.11111111111111,21.11111111111111,0.8727984913070705
-1.1111111111111112,-7.777777777777778,0.8380637762547147
27.77777777777778,22.77777777777778,0.6251755901928214
23.88888888888889,17.22222222222222,0.8119240799750855
21.11111111111111,20.0,0.8727984913070705
17.77777777777778,13.88888888888889,0.9128497537663107
17.22222222222222,3.888888888888889,0.9174822046145104
8.88888888888889,0.0,0.954548401833554
23.88888888888889,17.22222222222222,0.8119240799750855
17.22222222222222,11.11111111111111,0.9174822046145104
30.0,22.77777777777778,0.3926440742161753
7.777777777777778,-2.2222222222222223,0.9253671912662674
27.22222222222222,22.22222222222222,0.6642019936589635
22.22222222222222,3.888888888888889,0.8526007041238768
17.77777777777778,12.777777777777779,0.9128497537663107
22.77777777777778,2.7777777777777777,0.84062542410347
17.77777777777778,-2.2222222222222223,0.848924505732652
16.11111111111111,7.222222222222222,0.9255412374141344
-7.222222222222222,-12.222222222222221,0.7326871355913054
-12.222222222222221,-12.777777777777779,0.7293524616811059
27.77777777777778,21.11111111111111,0.6251755901928214
10.0,0.0,0.9517757335790062
23.88888888888889,17.22222222222222,0.8119240799750855
13.88888888888889,3.888888888888889,0.9379136746225377
26.11111111111111,17.77777777777778,0.7272540029928163
17.22222222222222,13.88888888888889,0.9174822046145104
27.22222222222222,18.88888888888889,0.6642019936589635
22.77777777777778,17.77777777777778,0.84062542410347
32.22222222222222,23.88888888888889,0.0
27.22222222222222,6.111111111111111,0.6642019936589635
32.77777777777778,23.88888888888889,0.0
22.22222222222222,13.88888888888889,0.8526007041238768
11.11111111111111,7.222222222222222,0.948556813824611
27.77777777777778,16.11111111111111,0.6251755901928214
-7.222222222222222,-8.88888888888889,0.8271542963481453
2.2222222222222223,-1.1111111111111112,0.953518845999446
6.111111111111111,1.1111111111111112,0.9599681546232791
12.777777777777779,7.777777777777778,0.9426901486768334
28.88888888888889,7.222222222222222,0.5270746048861651
26.11111111111111,12.222222222222221,0.7272540029928163
27.22222222222222,18.88888888888889,0.6642019936589635
20.0,11.11111111111111,0.8889976888926338
31.11111111111111,23.88888888888889,0.20515754564360555
-7.222222222222222,-8.88888888888889,0.8271542963481453
26.11111111111111,12.777777777777779,0.7272540029928163
7.777777777777778,6.111111111111111,0.9569469046598221
26.11111111111111,21.11111111111111,0.7272540029928163
16.11111111111111,3.888888888888889,0.9255412374141344
26.11111111111111,17.22222222222222,0.7272540029928163
25.0,15.0,0.7751039085679078
0.0,-2.7777777777777777,0.9352838266353987
18.88888888888889,16.11111111111111,0.902120393634212
6.111111111111111,-6.111111111111111,0.8472742183002251
27.22222222222222,10.0,0.6642019936589635
12.222222222222221,7.222222222222222,0.9448022164695487
11.11111111111111,1.1111111111111112,0.948556813824611
27.22222222222222,18.88888888888889,0.6642019936589635
10.0,2.2222222222222223,0.9517757335790062
17.77777777777778,12.222222222222221,0.9128497537663107
23.88888888888889,17.77777777777778,0.8119240799750855
15.0,0.0,0.9322648410641398
28.88888888888889,22.77777777777778,0.5270746048861651
17.22222222222222,10.0,0.9174822046145104
22.77777777777778,22.22222222222222,0.84062542410347
30.0,15.0,0.3926440742161753
28.88888888888889,17.22222222222222,0.5270746048861651
31.11111111111111,12.777777777777779,0.20515754564360555
17.22222222222222,6.111111111111111,0.9174822046145104
18.88888888888889,-2.7777777777777777,0.8076316129376689
30.0,23.88888888888889,0.3926440742161753
7.222222222222222,-5.0,0.869525677843601
1.1111111111111112,0.0,0.9661215096774146
22.77777777777778,11.11111111111111,0.84062542410347
17.77777777777778,3.888888888888889,0.9128497537663107
16.11111111111111,12.222222222222221,0.9255412374141344
16.11111111111111,7.777777777777778,0.9255412374141344
17.77777777777778,12.222222222222221,0.9128497537663107
16.11111111111111,13.88888888888889,0.9255412374141344
13.88888888888889,2.2222222222222223,0.9379136746225377
13.88888888888889,10.0,0.9379136746225377
27.77777777777778,15.0,0.6251755901928214
30.0,26.11111111111111,0.3926440742161753
6.111111111111111,1.1111111111111112,0.9599681546232791
27.77777777777778,25.0,0.6251755901928214
7.222222222222222,3.888888888888889,0.9580245809532004
1.1111111111111112,-2.7777777777777777,0.9334166658261052
12.777777777777779,12.222222222222221,0.9426901486768334
-12.777777777777779,-16.11111111111111,0.6252372636406791
27.77777777777778,26.11111111111111,0.6251755901928214
28.88888888888889,25.0,0.5270746048861651
26.11111111111111,16.11111111111111,0.7272540029928163
22.77777777777778,21.11111111111111,0.84062542410347
-17.77777777777778,-18.88888888888889,0.5470369001878714
26.11111111111111,12.777777777777779,0.7272540029928163
27.77777777777778,15.0,0.6251755901928214
21.11111111111111,12.777777777777779,0.8727984913070705
25.0,15.0,0.7751039085679078
26.11111111111111,7.777777777777778,0.7272540029928163
28.88888888888889,20.0,0.5270746048861651
-2.2222222222222223,-2.2222222222222223,0.9456625781469771
23.88888888888889,-17.77777777777778,0.0
-7.222222222222222,-10.0,0.7978000502702822
-2.7777777777777777,-3.888888888888889,0.9227126859047697
6.111111111111111,2.7777777777777777,0.9599681546232791
25.0,16.11111111111111,0.7751039085679078
12.777777777777779,6.111111111111111,0.9426901486768334
27.77777777777778,22.77777777777778,0.6251755901928214
28.88888888888889,23.88888888888889,0.5270746048861651
-1.1111111111111112,-5.0,0.9002570459370207
12.777777777777779,6.111111111111111,0.9426901486768334
28.88888888888889,23.88888888888889,0.5270746048861651
7.222222222222222,0.0,0.9580245809532004
20.0,13.88888888888889,0.8889976888926338
23.88888888888889,17.22222222222222,0.8119240799750855
7.777777777777778,-5.0,0.8661758820089058
10.0,5.0,0.9517757335790062
27.77777777777778,15.0,0.6251755901928214
11.11111111111111,3.888888888888889,0.948556813824611
12.222222222222221,5.0,0.9448022164695487
26.11111111111111,17.77777777777778,0.7272540029928163
20.0,17.22222222222222,0.8889976888926338
8.88888888888889,2.2222222222222223,0.954548401833554
15.0,7.777777777777778,0.9322648410641398
17.77777777777778,10.0,0.9128497537663107
23.88888888888889,3.888888888888889,0.8119240799750855
2.2222222222222223,-7.222222222222222,0.838736666361827
16.11111111111111,11.11111111111111,0.9255412374141344
6.111111111111111,-3.888888888888889,0.9002147037981973
16.11111111111111,6.111111111111111,0.9255412374141344
22.22222222222222,8.88888888888889,0.8526007041238768
31.11111111111111,12.222222222222221,0.20515754564360555
26.11111111111111,22.77777777777778,0.7272540029928163
26.11111111111111,17.77777777777778,0.7272540029928163
36.111111111111114,17.77777777777778,0.0
27.77777777777778,8.88888888888889,0.6251755901928214
16.11111111111111,8.88888888888889,0.9255412374141344
25.0,22.77777777777778,0.7751039085679078
25.0,23.88888888888889,0.7751039085679078
22.77777777777778,12.222222222222221,0.84062542410347
30.0,22.22222222222222,0.3926440742161753
17.22222222222222,10.0,0.9174822046145104
32.22222222222222,22.22222222222222,0.0
31.11111111111111,22.22222222222222,0.20515754564360555
27.22222222222222,12.222222222222221,0.6642019936589635
28.88888888888889,20.0,0.5270746048861651
22.77777777777778,22.77777777777778,0.84062542410347
23.88888888888889,20.0,0.8119240799750855
27.77777777777778,21.11111111111111,0.6251755901928214
23.88888888888889,18.88888888888889,0.8119240799750855
22.22222222222222,8.88888888888889,0.8526007041238768
30.0,22.22222222222222,0.3926440742161753
27.22222222222222,21.11111111111111,0.6642019936589635
27.77777777777778,21.11111111111111,0.6251755901928214
21.11111111111111,18.88888888888889,0.8727984913070705
17.22222222222222,1.1111111111111112,0.9174822046145104
17.77777777777778,16.11111111111111,0.9128497537663107
32.77777777777778,20.0,0.0
2.7777777777777777,-2.7777777777777777,0.9301379779704775
11.11111111111111,-2.7777777777777777,0.8988957647323992
17.77777777777778,2.2222222222222223,0.9128497537663107
5.0,0.0,0.9616645892387358
-7.222222222222222,-13.88888888888889,0.6792978369750747
7.777777777777778,1.1111111111111112,0.9569469046598221
22.77777777777778,17.22222222222222,0.84062542410347
-1.1111111111111112,-8.88888888888889,0.8081602810785422
2.7777777777777777,-1.1111111111111112,0.9527321238302725
27.77777777777778,18.88888888888889,0.6251755901928214
23.88888888888889,17.22222222222222,0.8119240799750855
12.222222222222221,8.88888888888889,0.9448022164695487
5.0,-6.111111111111111,0.8537462982233466
12.777777777777779,-1.1111111111111112,0.9237928519516275
25.0,8.88888888888889,0.7751039085679078
21.11111111111111,3.888888888888889,0.8727984913070705
22.77777777777778,7.222222222222222,0.84062542410347
27.77777777777778,11.11111111111111,0.6251755901928214
26.11111111111111,12.222222222222221,0.7272540029928163
22.22222222222222,21.11111111111111,0.8526007041238768
12.777777777777779,3.888888888888889,0.9426901486768334
32.22222222222222,22.22222222222222,0.0
28.88888888888889,22.77777777777778,0.5270746048861651
23.88888888888889,18.88888888888889,0.8119240799750855
17.77777777777778,17.77777777777778,0.9128497537663107
17.77777777777778,15.0,0.9128497537663107
20.0,13.88888888888889,0.8889976888926338
26.11111111111111,21.11111111111111,0.7272540029928163
22.77777777777778,17.22222222222222,0.84062542410347
32.22222222222222,17.22222222222222,0.0
30.0,6.111111111111111,0.3926440742161753
27.22222222222222,10.0,0.6642019936589635
18.88888888888889,7.777777777777778,0.902120393634212
16.11111111111111,11.11111111111111,0.9255412374141344
22.77777777777778,22.22222222222222,0.84062542410347
28.88888888888889,22.77777777777778,0.5270746048861651
5.0,-2.7777777777777777,0.9246572252450951
23.88888888888889,16.11111111111111,0.8119240799750855
5.0,2.7777777777777777,0.9616645892387358
22.22222222222222,12.777777777777779,0.8526007041238768
13.88888888888889,0.0,0.9379136746225377
12.222222222222221,5.0,0.9448022164695487
-5.0,-10.0,0.7913412936187706
-11.11111111111111,-12.777777777777779,0.7268317671222517
17.22222222222222,10.0,0.9174822046145104
-5.0,-12.777777777777779,0.706167528276593
27.22222222222222,8.88888888888889,0.6642019936589635
7.222222222222222,1.1111111111111112,0.9580245809532004
28.88888888888889,10.0,0.5270746048861651
23.88888888888889,13.88888888888889,0.8119240799750855
12.777777777777779,-17.77777777777778,0.10004964712614761
7.777777777777778,-2.2222222222222223,0.9253671912662674
25.0,20.0,0.7751039085679078
13.88888888888889,-2.7777777777777777,0.8779781946930253
18.88888888888889,12.777777777777779,0.902120393634212
17.22222222222222,-1.1111111111111112,0.8902728640123813
27.77777777777778,25.0,0.6251755901928214
18.88888888888889,11.11111111111111,0.902120393634212
15.0,15.0,0.9322648410641398
26.11111111111111,22.77777777777778,0.7272540029928163
21.11111111111111,13.88888888888889,0.8727984913070705
25.0,21.11111111111111,0.7751039085679078
22.77777777777778,16.11111111111111,0.84062542410347
12.777777777777779,2.7777777777777777,0.9426901486768334
15.0,7.777777777777778,0.9322648410641398
6.111111111111111,2.2222222222222223,0.9599681546232791
12.777777777777779,11.11111111111111,0.9426901486768334
22.77777777777778,7.777777777777778,0.84062542410347
30.0,22.22222222222222,0.3926440742161753
12.222222222222221,-1.1111111111111112,0.9266013510011197
26.11111111111111,18.88888888888889,0.7272540029928163
11.11111111111111,-2.7777777777777777,0.8988957647323992
17.22222222222222,0.0,0.9174822046145104
26.11111111111111,21.11111111111111,0.7272540029928163
12.777777777777779,2.2222222222222223,0.9426901486768334
27.77777777777778,13.88888888888889,0.6251755901928214
26.11111111111111,7.777777777777778,0.7272540029928163
3.888888888888889,2.2222222222222223,0.9631497065963988
23.88888888888889,13.88888888888889,0.8119240799750855
7.222222222222222,2.7777777777777777,0.9580245809532004
17.77777777777778,12.222222222222221,0.9128497537663107
27.77777777777778,20.0,0.6251755901928214
15.0,7.777777777777778,0.9322648410641398
27.77777777777778,18.88888888888889,0.6251755901928214
28.88888888888889,23.88888888888889,0.5270746048861651
22.22222222222222,18.88888888888889,0.8526007041238768
27.22222222222222,22.77777777777778,0.6642019936589635
32.22222222222222,20.0,0.0
27.22222222222222,22.77777777777778,0.6642019936589635
22.22222222222222,17.22222222222222,0.8526007041238768
6.111111111111111,-5.0,0.8755669863742392
25.0,12.222222222222221,0.7751039085679078
22.22222222222222,12.777777777777779,0.8526007041238768
30.0,17.77777777777778,0.3926440742161753
23.88888888888889,22.22222222222222,0.8119240799750855
17.22222222222222,8.88888888888889,0.9174822046145104
26.11111111111111,16.11111111111111,0.7272540029928163
11.11111111111111,3.888888888888889,0.948556813824611
11.11111111111111,8.88888888888889,0.948556813824611
20.0,17.22222222222222,0.8889976888926338
15.0,7.222222222222222,0.9322648410641398
22.22222222222222,16.11111111111111,0.8526007041238768
21.11111111111111,17.22222222222222,0.8727984913070705
30.0,22.22222222222222,0.3926440742161753
6.111111111111111,5.0,0.9599681546232791
-2.2222222222222223,-13.88888888888889,0.6523011652200251
21.11111111111111,12.222222222222221,0.8727984913070705
26.11111111111111,12.222222222222221,0.7272540029928163
16.11111111111111,-2.2222222222222223,0.8709252716276742
13.88888888888889,7.222222222222222,0.9379136746225377
28.88888888888889,16.11111111111111,0.5270746048861651
12.222222222222221,-1.1111111111111112,0.9266013510011197
-1.1111111111111112,-12.222222222222221,0.7033121235368152
33.888888888888886,22.77777777777778,0.0
25.0,12.777777777777779,0.7751039085679078
18.88888888888889,12.777777777777779,0.902120393634212
22.22222222222222,12.777777777777779,0.8526007041238768
16.11111111111111,12.222222222222221,0.9255412374141344
28.88888888888889,21.11111111111111,0.5270746048861651
23.88888888888889,10.0,0.8119240799750855
0.0,-3.888888888888889,0.9179209576839455
25.0,11.11111111111111,0.7751039085679078
27.77777777777778,21.11111111111111,0.6251755901928214
22.22222222222222,10.0,0.8526007041238768
7.777777777777778,-2.2222222222222223,0.9253671912662674
31.11111111111111,25.0,0.20515754564360555
21.11111111111111,18.88888888888889,0.8727984913070705
17.77777777777778,10.0,0.9128497537663107
23.88888888888889,3.888888888888889,0.8119240799750855
12.777777777777779,2.7777777777777777,0.9426901486768334
12.222222222222221,2.2222222222222223,0.9448022164695487
11.11111111111111,7.777777777777778,0.948556813824611
11.11111111111111,7.777777777777778,0.948556813824611
16.11111111111111,8.88888888888889,0.9255412374141344
-1.1111111111111112,-7.222222222222222,0.8519605795169414
26.11111111111111,17.22222222222222,0.7272540029928163
27.77777777777778,17.77777777777778,0.6251755901928214
7.222222222222222,-3.888888888888889,0.895370058927751
-2.2222222222222223,-7.777777777777778,0.8418149583318653
8.88888888888889,7.777777777777778,0.954548401833554
17.77777777777778,16.11111111111111,0.9128497537663107
12.222222222222221,7.777777777777778,0.9448022164695487
17.22222222222222,11.11111111111111,0.9174822046145104
27.77777777777778,15.0,0.6251755901928214
13.88888888888889,8.88888888888889,0.9379136746225377
11.666666666666666,10.555555555555555,0.9467528683383145
7.222222222222222,-2.2222222222222223,0.9272353498282726
12.777777777777779,10.0,0.9426901486768334
28.88888888888889,25.0,0.5270746048861651
0.0,-2.2222222222222223,0.9429183201352086
22.77777777777778,13.88888888888889,0.84062542410347
17.77777777777778,12.222222222222221,0.9128497537663107
22.22222222222222,18.88888888888889,0.8526007041238768
23.88888888888889,17.22222222222222,0.8119240799750855
21.11111111111111,8.88888888888889,0.8727984913070705
22.22222222222222,20.0,0.8526007041238768
8.88888888888889,2.7777777777777777,0.954548401833554
8.88888888888889,2.2222222222222223,0.954548401833554
2.2222222222222223,-2.2222222222222223,0.9394051269548966
27.77777777777778,15.0,0.6251755901928214
26.11111111111111,21.11111111111111,0.7272540029928163
-1.1111111111111112,-1.1111111111111112,0.9573303928029615
12.777777777777779,2.7777777777777777,0.9426901486768334
27.22222222222222,22.22222222222222,0.6642019936589635
-2.2222222222222223,-2.2222222222222223,0.9456625781469771
23.88888888888889,6.111111111111111,0.8119240799750855
16.11111111111111,7.777777777777778,0.9255412374141344
31.11111111111111,23.88888888888889,0.20515754564360555
2.7777777777777777,2.2222222222222223,0.9644532694763823
27.22222222222222,17.22222222222222,0.6642019936589635
25.0,18.88888888888889,0.7751039085679078
-1.1111111111111112,-6.111111111111111,0.8775781427738436
20.0,16.11111111111111,0.8889976888926338
-7.222222222222222,-8.88888888888889,0.8271542963481453
23.88888888888889,12.777777777777779,0.8119240799750855
21.11111111111111,7.777777777777778,0.8727984913070705
18.88888888888889,6.111111111111111,0.902120393634212
26.11111111111111,25.0,0.7272540029928163
25.0,17.22222222222222,0.7751039085679078
25.0,8.88888888888889,0.7751039085679078
2.2222222222222223,-3.888888888888889,0.912869257516846
2.7777777777777777,0.0,0.9644532694763823
6.111111111111111,-3.888888888888889,0.9002147037981973
17.22222222222222,10.0,0.9174822046145104
17.77777777777778,11.11111111111111,0.9128497537663107
23.88888888888889,6.111111111111111,0.8119240799750855
18.88888888888889,-7.777777777777778,0.506048846402152
7.222222222222222,3.888888888888889,0.9580245809532004
25.0,18.88888888888889,0.7751039085679078
2.7777777777777777,1.1111111111111112,0.9644532694763823
12.222222222222221,0.0,0.9448022164695487
32.22222222222222,25.0,0.0
22.22222222222222,2.7777777777777777,0.8526007041238768
23.88888888888889,12.222222222222221,0.8119240799750855
27.77777777777778,17.77777777777778,0.6251755901928214
27.77777777777778,17.77777777777778,0.6251755901928214
13.88888888888889,12.222222222222221,0.9379136746225377
3.888888888888889,-7.222222222222222,0.8299932720465801
22.77777777777778,22.77777777777778,0.84062542410347
21.11111111111111,7.222222222222222,0.8727984913070705
8.88888888888889,7.222222222222222,0.954548401833554
22.22222222222222,17.22222222222222,0.8526007041238768
2.2222222222222223,-7.777777777777778,0.8235985037449518
28.88888888888889,20.0,0.5270746048861651
30.0,17.22222222222222,0.3926440742161753
