src,dst,support
CONTROL_INPUT_IMPROPER,STALL,1468
STALL,LOSS_OF_CONTROL_INFLIGHT,1327
CONTROL_INPUT_IMPROPER,LOSS_OF_CONTROL_INFLIGHT,548
DECISION_INAPPROPRIATE,CONTROL_INPUT_IMPROPER,465
ADVERSE_WIND_CONDITION,CONTROL_INPUT_IMPROPER,318
CONTROL_INPUT_IMPROPER,LOSS_OF_CONTROL_GROUND,225
LOSS_OF_CONTROL_INFLIGHT,CONTROL_INPUT_IMPROPER,168
DECISION_INAPPROPRIATE,LOSS_OF_CONTROL_INFLIGHT,155
DECISION_INAPPROPRIATE,STALL,153
ADVERSE_WIND_CONDITION,LOSS_OF_CONTROL_INFLIGHT,149
PROCEDURE_NOT_FOLLOWED,STALL,141
PERCEPTION_FAILURE,CONTROL_INPUT_IMPROPER,141
LOSS_OF_CONTROL_INFLIGHT,PROCEDURE_NOT_FOLLOWED,130
TRAINING_OR_CURRENCY_GAP,CONTROL_INPUT_IMPROPER,122
PILOT_INCAPACITATION_OR_IMPAIRMENT,LOSS_OF_CONTROL_INFLIGHT,117
ADVERSE_WIND_CONDITION,DECISION_INAPPROPRIATE,115
PROCEDURE_NOT_FOLLOWED,CONTROL_INPUT_IMPROPER,112
PILOT_FATIGUE_OR_PHYSIOLOGICAL_STATE,CONTROL_INPUT_IMPROPER,107
HIGH_DENSITY_ALTITUDE,STALL,101
SPATIAL_DISORIENTATION,LOSS_OF_CONTROL_INFLIGHT,95
AIRCRAFT_WEIGHT_OR_BALANCE_OUT_OF_LIMITS,STALL,93
ADVERSE_WIND_CONDITION,STALL,92
PROCEDURE_NOT_FOLLOWED,LOSS_OF_CONTROL_INFLIGHT,92
CREW_COORDINATION_FAILURE,CONTROL_INPUT_IMPROPER,88
CONTROL_SURFACE_ANOMALY,LOSS_OF_CONTROL_INFLIGHT,87
ADVERSE_WIND_CONDITION,WIND_SHEAR_OR_GUST,82
MAINTENANCE_INADEQUATE,LATENT_MECHANICAL_DEFECT,80
WIND_SHEAR_OR_GUST,CONTROL_INPUT_IMPROPER,79
LATENT_MECHANICAL_DEFECT,LOSS_OF_CONTROL_INFLIGHT,78
LOSS_OF_CONTROL_INFLIGHT,DECISION_INAPPROPRIATE,72
ENGINE_FAILURE,CONTROL_INPUT_IMPROPER,69
WIND_SHEAR_OR_GUST,LOSS_OF_CONTROL_INFLIGHT,68
LOW_VISIBILITY_OR_IMC,SPATIAL_DISORIENTATION,68
PILOT_FATIGUE_OR_PHYSIOLOGICAL_STATE,LOSS_OF_CONTROL_INFLIGHT,66
DECISION_INAPPROPRIATE,PROCEDURE_NOT_FOLLOWED,66
PILOT_INCAPACITATION_OR_IMPAIRMENT,CONTROL_INPUT_IMPROPER,65
ENGINE_FAILURE,LOSS_OF_CONTROL_INFLIGHT,61
PROCEDURE_NOT_FOLLOWED,LATENT_MECHANICAL_DEFECT,60
AIRCRAFT_WEIGHT_OR_BALANCE_OUT_OF_LIMITS,LOSS_OF_CONTROL_INFLIGHT,59
STALL,CONTROL_INPUT_IMPROPER,58
CONTROL_INPUT_IMPROPER,DECISION_INAPPROPRIATE,57
TURBULENCE_ENCOUNTER,LOSS_OF_CONTROL_INFLIGHT,57
PILOT_FATIGUE_OR_PHYSIOLOGICAL_STATE,DECISION_INAPPROPRIATE,56
LOW_VISIBILITY_OR_IMC,DECISION_INAPPROPRIATE,55
HIGH_DENSITY_ALTITUDE,CONTROL_INPUT_IMPROPER,55
DECISION_INAPPROPRIATE,LOW_ALTITUDE_OPERATION,52
HIGH_DENSITY_ALTITUDE,LOSS_OF_CONTROL_INFLIGHT,51
HIGH_DENSITY_ALTITUDE,DECISION_INAPPROPRIATE,49
ENGINE_FAILURE,DECISION_INAPPROPRIATE,49
DARK_NIGHT_OR_LOW_LIGHT,SPATIAL_DISORIENTATION,48
LOW_ALTITUDE_OPERATION,CONTROL_INPUT_IMPROPER,47
CONTROL_INPUT_IMPROPER,PROCEDURE_NOT_FOLLOWED,46
LOSS_OF_CONTROL_INFLIGHT,STALL,46
LATENT_MECHANICAL_DEFECT,CONTROL_INPUT_IMPROPER,46
FUEL_EXHAUSTION_OR_STARVATION,ENGINE_FAILURE,46
LATENT_MECHANICAL_DEFECT,DECISION_INAPPROPRIATE,46
AIRFRAME_STRUCTURAL_FAILURE,LOSS_OF_CONTROL_INFLIGHT,46
PERCEPTION_FAILURE,LOSS_OF_CONTROL_INFLIGHT,44
LATENT_MECHANICAL_DEFECT,STALL,41
AIRCRAFT_WEIGHT_OR_BALANCE_OUT_OF_LIMITS,CONTROL_INPUT_IMPROPER,41
LOSS_OF_CONTROL_INFLIGHT,STRUCTURAL_OVERLOAD,39
MOUNTAINOUS_OR_RISING_TERRAIN,DECISION_INAPPROPRIATE,38
DECISION_INAPPROPRIATE,AIRCRAFT_WEIGHT_OR_BALANCE_OUT_OF_LIMITS,38
TRAINING_OR_CURRENCY_GAP,DECISION_INAPPROPRIATE,38
ENGINE_FAILURE,STALL,37
DARK_NIGHT_OR_LOW_LIGHT,DECISION_INAPPROPRIATE,36
TRAINING_OR_CURRENCY_GAP,LOSS_OF_CONTROL_INFLIGHT,35
LATENT_MECHANICAL_DEFECT,CONTROL_SURFACE_ANOMALY,34
LATENT_MECHANICAL_DEFECT,ENGINE_FAILURE,34
AIRCRAFT_WEIGHT_OR_BALANCE_OUT_OF_LIMITS,DECISION_INAPPROPRIATE,34
LOW_ALTITUDE_OPERATION,LOSS_OF_CONTROL_INFLIGHT,34
LOSS_OF_CONTROL_INFLIGHT,TERRAIN_OR_OBSTACLE_PROXIMITY,33
DECISION_INAPPROPRIATE,SPATIAL_DISORIENTATION,31
PERCEPTION_FAILURE,DECISION_INAPPROPRIATE,30
DECISION_INAPPROPRIATE,PERCEPTION_FAILURE,30
LOW_VISIBILITY_OR_IMC,LOSS_OF_CONTROL_INFLIGHT,30
PERCEPTION_FAILURE,STALL,29
PROCEDURE_NOT_FOLLOWED,CONTROL_SURFACE_ANOMALY,28
PILOT_INCAPACITATION_OR_IMPAIRMENT,DECISION_INAPPROPRIATE,28
LOSS_OF_CONTROL_GROUND,CONTROL_INPUT_IMPROPER,27
WIND_SHEAR_OR_GUST,STALL,27
CONTROL_INPUT_IMPROPER,STRUCTURAL_OVERLOAD,27
PILOT_FATIGUE_OR_PHYSIOLOGICAL_STATE,PILOT_INCAPACITATION_OR_IMPAIRMENT,27
LATENT_MECHANICAL_DEFECT,PERCEPTION_FAILURE,26
STALL,PROCEDURE_NOT_FOLLOWED,26
DARK_NIGHT_OR_LOW_LIGHT,LOSS_OF_CONTROL_INFLIGHT,25
PROCEDURE_NOT_FOLLOWED,FUEL_EXHAUSTION_OR_STARVATION,25
TURBULENCE_ENCOUNTER,STALL,24
FUEL_CONTAMINATION,ENGINE_FAILURE,24
ADVERSE_WIND_CONDITION,LOSS_OF_CONTROL_GROUND,23
DARK_NIGHT_OR_LOW_LIGHT,PERCEPTION_FAILURE,23
CREW_COORDINATION_FAILURE,LOSS_OF_CONTROL_INFLIGHT,23
RUNWAY_CONDITION_HAZARD,CONTROL_INPUT_IMPROPER,22
ADVERSE_WIND_CONDITION,PERCEPTION_FAILURE,22
LOSS_OF_CONTROL_INFLIGHT,CREW_COORDINATION_FAILURE,22
PROCEDURE_NOT_FOLLOWED,DECISION_INAPPROPRIATE,21
PILOT_FATIGUE_OR_PHYSIOLOGICAL_STATE,PERCEPTION_FAILURE,21
STRUCTURAL_OVERLOAD,AIRFRAME_STRUCTURAL_FAILURE,21
RUNWAY_CONDITION_HAZARD,LOSS_OF_CONTROL_GROUND,20
LOW_ALTITUDE_OPERATION,STALL,20
LOSS_OF_CONTROL_INFLIGHT,ALTITUDE_DEVIATION_UNCONTROLLED,20
PROCEDURE_NOT_FOLLOWED,ENGINE_FAILURE,20
ADVERSE_WIND_CONDITION,TURBULENCE_ENCOUNTER,19
LOW_VISIBILITY_OR_IMC,PROCEDURE_NOT_FOLLOWED,19
ENGINE_FAILURE,PROCEDURE_NOT_FOLLOWED,18
MAINTENANCE_INADEQUATE,CONTROL_SURFACE_ANOMALY,18
PILOT_FATIGUE_OR_PHYSIOLOGICAL_STATE,PROCEDURE_NOT_FOLLOWED,18
CREW_COORDINATION_FAILURE,PROCEDURE_NOT_FOLLOWED,18
OTHER_SYSTEM_FAILURE,LOSS_OF_CONTROL_INFLIGHT,18
PILOT_FATIGUE_OR_PHYSIOLOGICAL_STATE,SPATIAL_DISORIENTATION,17
LOW_VISIBILITY_OR_IMC,PERCEPTION_FAILURE,17
WIND_SHEAR_OR_GUST,DECISION_INAPPROPRIATE,17
TERRAIN_OR_OBSTACLE_PROXIMITY,CONTROL_INPUT_IMPROPER,16
DECISION_INAPPROPRIATE,TURBULENCE_ENCOUNTER,16
STALL,DECISION_INAPPROPRIATE,16
LATENT_MECHANICAL_DEFECT,AIRFRAME_STRUCTURAL_FAILURE,16
CONTROL_INPUT_IMPROPER,CREW_COORDINATION_FAILURE,16
TURBULENCE_ENCOUNTER,CONTROL_INPUT_IMPROPER,16
ICING_ENCOUNTER,STALL,15
RUNWAY_CONDITION_HAZARD,DECISION_INAPPROPRIATE,15
FUEL_SYSTEM_ANOMALY,ENGINE_FAILURE,15
MAINTENANCE_INADEQUATE,DECISION_INAPPROPRIATE,14
DECISION_INAPPROPRIATE,FUEL_EXHAUSTION_OR_STARVATION,14
PILOT_FATIGUE_OR_PHYSIOLOGICAL_STATE,STALL,14
MAINTENANCE_INADEQUATE,ENGINE_FAILURE,14
CONTROL_INPUT_IMPROPER,AIRFRAME_STRUCTURAL_FAILURE,14
TRAINING_OR_CURRENCY_GAP,SPATIAL_DISORIENTATION,13
CONTROL_INPUT_IMPROPER,ENGINE_FAILURE,13
PERCEPTION_FAILURE,PROCEDURE_NOT_FOLLOWED,13
MOUNTAINOUS_OR_RISING_TERRAIN,TURBULENCE_ENCOUNTER,13
PROCEDURE_NOT_FOLLOWED,AIRCRAFT_WEIGHT_OR_BALANCE_OUT_OF_LIMITS,13
INSTRUMENT_OR_AVIONICS_FAILURE,PERCEPTION_FAILURE,13
DECISION_INAPPROPRIATE,LOSS_OF_CONTROL_GROUND,12
LATENT_MECHANICAL_DEFECT,PROCEDURE_NOT_FOLLOWED,12
ADVERSE_WIND_CONDITION,PROCEDURE_NOT_FOLLOWED,12
LOW_ALTITUDE_OPERATION,DECISION_INAPPROPRIATE,12
TRAINING_OR_CURRENCY_GAP,STALL,12
PILOT_INCAPACITATION_OR_IMPAIRMENT,STALL,12
LOSS_OF_CONTROL_GROUND,DECISION_INAPPROPRIATE,12
CARBURETOR_OR_INDUCTION_ICING,ENGINE_FAILURE,12
PROCEDURE_NOT_FOLLOWED,LOSS_OF_CONTROL_GROUND,12
ICING_ENCOUNTER,DECISION_INAPPROPRIATE,11
STALL,PERCEPTION_FAILURE,11
TRAINING_OR_CURRENCY_GAP,PROCEDURE_NOT_FOLLOWED,11
DESIGN_DEFECT_LATENT,LOSS_OF_CONTROL_INFLIGHT,11
STALL,CREW_COORDINATION_FAILURE,11
CARBURETOR_OR_INDUCTION_ICING,PROCEDURE_NOT_FOLLOWED,11
LOSS_OF_CONTROL_INFLIGHT,LOSS_OF_CONTROL_GROUND,11
BIRD_OR_WILDLIFE_STRIKE,CONTROL_INPUT_IMPROPER,10
THUNDERSTORM_OR_CONVECTIVE,DECISION_INAPPROPRIATE,10
PILOT_INCAPACITATION_OR_IMPAIRMENT,PROCEDURE_NOT_FOLLOWED,10
ORG_OR_REGULATORY_INADEQUATE,DECISION_INAPPROPRIATE,10
PROCEDURE_NOT_FOLLOWED,PERCEPTION_FAILURE,10
MOUNTAINOUS_OR_RISING_TERRAIN,CONTROL_INPUT_IMPROPER,9
MOUNTAINOUS_OR_RISING_TERRAIN,LOSS_OF_CONTROL_INFLIGHT,9
OTHER_SYSTEM_FAILURE,CONTROL_INPUT_IMPROPER,9
CONTROL_SURFACE_ANOMALY,STALL,9
RUNWAY_CONDITION_HAZARD,STALL,9
INSTRUMENT_OR_AVIONICS_FAILURE,SPATIAL_DISORIENTATION,9
TRAINING_OR_CURRENCY_GAP,PERCEPTION_FAILURE,9
TERRAIN_OR_OBSTACLE_PROXIMITY,DECISION_INAPPROPRIATE,9
CONTROL_INPUT_IMPROPER,CONTROL_SURFACE_ANOMALY,9
CONTROL_INPUT_IMPROPER,TERRAIN_OR_OBSTACLE_PROXIMITY,9
AUTOMATION_ANOMALY,LOSS_OF_CONTROL_INFLIGHT,9
CONTROL_INPUT_IMPROPER,PERCEPTION_FAILURE,9
STALL,LOSS_OF_CONTROL_GROUND,9
CREW_COORDINATION_FAILURE,LOSS_OF_CONTROL_GROUND,8
LATENT_MECHANICAL_DEFECT,PILOT_INCAPACITATION_OR_IMPAIRMENT,8
LATENT_MECHANICAL_DEFECT,FUEL_SYSTEM_ANOMALY,8
LOSS_OF_CONTROL_INFLIGHT,PERCEPTION_FAILURE,8
DECISION_INAPPROPRIATE,ENGINE_FAILURE,8
PROCEDURE_NOT_FOLLOWED,INSTRUMENT_OR_AVIONICS_FAILURE,8
DARK_NIGHT_OR_LOW_LIGHT,CONTROL_INPUT_IMPROPER,8
LOSS_OF_CONTROL_GROUND,PROCEDURE_NOT_FOLLOWED,8
CONTROL_INPUT_IMPROPER,ALTITUDE_DEVIATION_UNCONTROLLED,8
OTHER_SYSTEM_FAILURE,DECISION_INAPPROPRIATE,8
MAINTENANCE_INADEQUATE,OTHER_SYSTEM_FAILURE,7
FUEL_SYSTEM_ANOMALY,LOSS_OF_CONTROL_INFLIGHT,7
PROCEDURE_NOT_FOLLOWED,FUEL_CONTAMINATION,7
WIND_SHEAR_OR_GUST,LOSS_OF_CONTROL_GROUND,7
ICING_ENCOUNTER,PROCEDURE_NOT_FOLLOWED,7
MAINTENANCE_INADEQUATE,FUEL_SYSTEM_ANOMALY,7
ORG_OR_REGULATORY_INADEQUATE,PROCEDURE_NOT_FOLLOWED,7
PROCEDURE_NOT_FOLLOWED,OTHER_SYSTEM_FAILURE,7
RUNWAY_CONDITION_HAZARD,LOSS_OF_CONTROL_INFLIGHT,6
LOSS_OF_CONTROL_INFLIGHT,LANDING_GEAR_ANOMALY,6
AUTOMATION_ANOMALY,CONTROL_INPUT_IMPROPER,6
LOW_VISIBILITY_OR_IMC,ICING_ENCOUNTER,6
THUNDERSTORM_OR_CONVECTIVE,WIND_SHEAR_OR_GUST,6
CREW_COORDINATION_FAILURE,STALL,6
LOSS_OF_CONTROL_GROUND,LANDING_GEAR_ANOMALY,6
LATENT_MECHANICAL_DEFECT,LOSS_OF_CONTROL_GROUND,6
OTHER_SYSTEM_FAILURE,ENGINE_FAILURE,6
DESIGN_DEFECT_LATENT,CONTROL_INPUT_IMPROPER,6
CONTROL_SURFACE_ANOMALY,PERCEPTION_FAILURE,6
LATENT_MECHANICAL_DEFECT,INSTRUMENT_OR_AVIONICS_FAILURE,6
LOSS_OF_CONTROL_INFLIGHT,AIRFRAME_STRUCTURAL_FAILURE,6
CONTROL_INPUT_IMPROPER,LANDING_GEAR_ANOMALY,6
LOW_VISIBILITY_OR_IMC,CONTROL_INPUT_IMPROPER,6
ORG_OR_REGULATORY_INADEQUATE,TRAINING_OR_CURRENCY_GAP,5
MAINTENANCE_INADEQUATE,PROCEDURE_NOT_FOLLOWED,5
SPATIAL_DISORIENTATION,CONTROL_INPUT_IMPROPER,5
LOSS_OF_CONTROL_INFLIGHT,INFLIGHT_FIRE_OR_SMOKE,5
DESIGN_DEFECT_LATENT,STALL,5
LOW_ALTITUDE_OPERATION,PERCEPTION_FAILURE,5
ICING_ENCOUNTER,LOSS_OF_CONTROL_INFLIGHT,5
LOSS_OF_CONTROL_INFLIGHT,ENGINE_FAILURE,5
DECISION_INAPPROPRIATE,LOW_VISIBILITY_OR_IMC,5
LATENT_MECHANICAL_DEFECT,SPATIAL_DISORIENTATION,5
TURBULENCE_ENCOUNTER,PROCEDURE_NOT_FOLLOWED,5
INFLIGHT_FIRE_OR_SMOKE,LOSS_OF_CONTROL_INFLIGHT,5
DECISION_INAPPROPRIATE,PILOT_INCAPACITATION_OR_IMPAIRMENT,5
CARBURETOR_OR_INDUCTION_ICING,STALL,5
ICING_ENCOUNTER,INSTRUMENT_OR_AVIONICS_FAILURE,5
AIRFRAME_STRUCTURAL_FAILURE,STALL,5
HIGH_DENSITY_ALTITUDE,PROCEDURE_NOT_FOLLOWED,5
DESIGN_DEFECT_LATENT,AIRFRAME_STRUCTURAL_FAILURE,5
LATENT_MECHANICAL_DEFECT,OTHER_SYSTEM_FAILURE,5
TURBULENCE_ENCOUNTER,DECISION_INAPPROPRIATE,5
LOSS_OF_CONTROL_GROUND,CREW_COORDINATION_FAILURE,5
MOUNTAINOUS_OR_RISING_TERRAIN,LOW_ALTITUDE_OPERATION,4
LOSS_OF_CONTROL_GROUND,STRUCTURAL_OVERLOAD,4
DARK_NIGHT_OR_LOW_LIGHT,PROCEDURE_NOT_FOLLOWED,4
PILOT_INCAPACITATION_OR_IMPAIRMENT,PERCEPTION_FAILURE,4
MAINTENANCE_INADEQUATE,FUEL_CONTAMINATION,4
DESIGN_DEFECT_LATENT,DECISION_INAPPROPRIATE,4
DECISION_INAPPROPRIATE,RUNWAY_CONDITION_HAZARD,4
TURBULENCE_ENCOUNTER,ALTITUDE_DEVIATION_UNCONTROLLED,4
ALTITUDE_DEVIATION_UNCONTROLLED,STRUCTURAL_OVERLOAD,4
CARBURETOR_OR_INDUCTION_ICING,CONTROL_INPUT_IMPROPER,4
ENGINE_FAILURE,PERCEPTION_FAILURE,4
DECISION_INAPPROPRIATE,WIND_SHEAR_OR_GUST,4
PERCEPTION_FAILURE,SPATIAL_DISORIENTATION,4
ORG_OR_REGULATORY_INADEQUATE,AIRCRAFT_WEIGHT_OR_BALANCE_OUT_OF_LIMITS,4
DECISION_INAPPROPRIATE,AIRFRAME_STRUCTURAL_FAILURE,4
MOUNTAINOUS_OR_RISING_TERRAIN,PERCEPTION_FAILURE,4
LOSS_OF_CONTROL_GROUND,AIRFRAME_STRUCTURAL_FAILURE,4
PERCEPTION_FAILURE,LOSS_OF_CONTROL_GROUND,4
CONTROL_INPUT_IMPROPER,OTHER_SYSTEM_FAILURE,4
GROUND_PERSONNEL_ERROR,PROCEDURE_NOT_FOLLOWED,4
LOSS_OF_CONTROL_INFLIGHT,CONTROL_SURFACE_ANOMALY,4
MOUNTAINOUS_OR_RISING_TERRAIN,STALL,4
DECISION_INAPPROPRIATE,UNSUITABLE_TERRAIN_FOR_FORCED_LANDING,4
UNSUITABLE_TERRAIN_FOR_FORCED_LANDING,CONTROL_INPUT_IMPROPER,4
PROCEDURE_NOT_FOLLOWED,LOW_ALTITUDE_OPERATION,4
CONTROL_INPUT_IMPROPER,LOW_ALTITUDE_OPERATION,4
OTHER_SYSTEM_FAILURE,PERCEPTION_FAILURE,4
PROCEDURE_NOT_FOLLOWED,AIRFRAME_STRUCTURAL_FAILURE,4
PROCEDURE_NOT_FOLLOWED,SPATIAL_DISORIENTATION,4
UNSUITABLE_TERRAIN_FOR_FORCED_LANDING,DECISION_INAPPROPRIATE,4
LOW_VISIBILITY_OR_IMC,STALL,3
DECISION_INAPPROPRIATE,CREW_COORDINATION_FAILURE,3
CREW_COORDINATION_FAILURE,AIRCRAFT_WEIGHT_OR_BALANCE_OUT_OF_LIMITS,3
RUNWAY_CONDITION_HAZARD,LANDING_GEAR_ANOMALY,3
CONTROL_SURFACE_ANOMALY,DECISION_INAPPROPRIATE,3
THUNDERSTORM_OR_CONVECTIVE,TURBULENCE_ENCOUNTER,3
PROCEDURE_NOT_FOLLOWED,FUEL_SYSTEM_ANOMALY,3
ICING_ENCOUNTER,PERCEPTION_FAILURE,3
DECISION_INAPPROPRIATE,ALTITUDE_DEVIATION_UNCONTROLLED,3
AIRCRAFT_WEIGHT_OR_BALANCE_OUT_OF_LIMITS,STRUCTURAL_OVERLOAD,3
TERRAIN_OR_OBSTACLE_PROXIMITY,LOSS_OF_CONTROL_INFLIGHT,3
STRUCTURAL_OVERLOAD,LOSS_OF_CONTROL_INFLIGHT,3
PERCEPTION_FAILURE,ADVERSE_WIND_CONDITION,3
TRAINING_OR_CURRENCY_GAP,CREW_COORDINATION_FAILURE,3
ORG_OR_REGULATORY_INADEQUATE,LATENT_MECHANICAL_DEFECT,3
MAINTENANCE_INADEQUATE,INFLIGHT_FIRE_OR_SMOKE,3
AIRCRAFT_WEIGHT_OR_BALANCE_OUT_OF_LIMITS,PROCEDURE_NOT_FOLLOWED,3
PROCEDURE_NOT_FOLLOWED,CARBURETOR_OR_INDUCTION_ICING,3
ORG_OR_REGULATORY_INADEQUATE,MAINTENANCE_INADEQUATE,3
ALTITUDE_DEVIATION_UNCONTROLLED,CONTROL_INPUT_IMPROPER,3
ICING_ENCOUNTER,AIRFRAME_STRUCTURAL_FAILURE,3
TERRAIN_OR_OBSTACLE_PROXIMITY,PERCEPTION_FAILURE,3
CONTROL_INPUT_IMPROPER,PILOT_INCAPACITATION_OR_IMPAIRMENT,3
GROUND_PERSONNEL_ERROR,LATENT_MECHANICAL_DEFECT,3
UNSUITABLE_TERRAIN_FOR_FORCED_LANDING,PERCEPTION_FAILURE,3
STALL,SPATIAL_DISORIENTATION,3
ADVERSE_WIND_CONDITION,PILOT_INCAPACITATION_OR_IMPAIRMENT,3
DESIGN_DEFECT_LATENT,LATENT_MECHANICAL_DEFECT,3
CONTROL_SURFACE_ANOMALY,PROCEDURE_NOT_FOLLOWED,3
LOW_ALTITUDE_OPERATION,TURBULENCE_ENCOUNTER,3
MAINTENANCE_INADEQUATE,CONTROL_INPUT_IMPROPER,3
PILOT_FATIGUE_OR_PHYSIOLOGICAL_STATE,TRAINING_OR_CURRENCY_GAP,3
CONTROL_INPUT_IMPROPER,LATENT_MECHANICAL_DEFECT,3
DECISION_INAPPROPRIATE,TERRAIN_OR_OBSTACLE_PROXIMITY,3
LANDING_GEAR_ANOMALY,LOSS_OF_CONTROL_INFLIGHT,3
MAINTENANCE_INADEQUATE,STALL,3
TERRAIN_OR_OBSTACLE_PROXIMITY,TURBULENCE_ENCOUNTER,3
LATENT_MECHANICAL_DEFECT,FUEL_CONTAMINATION,3
AIRFRAME_STRUCTURAL_FAILURE,CONTROL_SURFACE_ANOMALY,3
LOSS_OF_CONTROL_GROUND,TERRAIN_OR_OBSTACLE_PROXIMITY,3
MAINTENANCE_INADEQUATE,AIRFRAME_STRUCTURAL_FAILURE,3
TERRAIN_OR_OBSTACLE_PROXIMITY,LOSS_OF_CONTROL_GROUND,3
MOUNTAINOUS_OR_RISING_TERRAIN,LOSS_OF_CONTROL_GROUND,3
GROUND_PERSONNEL_ERROR,CONTROL_INPUT_IMPROPER,3
INFLIGHT_FIRE_OR_SMOKE,DECISION_INAPPROPRIATE,3
MOUNTAINOUS_OR_RISING_TERRAIN,WIND_SHEAR_OR_GUST,3
LATENT_MECHANICAL_DEFECT,MAINTENANCE_INADEQUATE,3
FUEL_EXHAUSTION_OR_STARVATION,DECISION_INAPPROPRIATE,2
OTHER_SYSTEM_FAILURE,STALL,2
LANDING_GEAR_ANOMALY,LOSS_OF_CONTROL_GROUND,2
DARK_NIGHT_OR_LOW_LIGHT,LOW_ALTITUDE_OPERATION,2
ADVERSE_WIND_CONDITION,CONTROL_SURFACE_ANOMALY,2
STRUCTURAL_OVERLOAD,LANDING_GEAR_ANOMALY,2
FUEL_SYSTEM_ANOMALY,FUEL_EXHAUSTION_OR_STARVATION,2
AUTOMATION_ANOMALY,PERCEPTION_FAILURE,2
FUEL_CONTAMINATION,PROCEDURE_NOT_FOLLOWED,2
LOSS_OF_CONTROL_INFLIGHT,PILOT_INCAPACITATION_OR_IMPAIRMENT,2
TERRAIN_OR_OBSTACLE_PROXIMITY,PROCEDURE_NOT_FOLLOWED,2
CREW_COORDINATION_FAILURE,DECISION_INAPPROPRIATE,2
DESIGN_DEFECT_LATENT,ENGINE_FAILURE,2
DESIGN_DEFECT_LATENT,MAINTENANCE_INADEQUATE,2
ICING_ENCOUNTER,SPATIAL_DISORIENTATION,2
ICING_ENCOUNTER,LATENT_MECHANICAL_DEFECT,2
PERCEPTION_FAILURE,LATENT_MECHANICAL_DEFECT,2
TERRAIN_OR_OBSTACLE_PROXIMITY,STALL,2
ICING_ENCOUNTER,CONTROL_INPUT_IMPROPER,2
LOW_VISIBILITY_OR_IMC,TERRAIN_OR_OBSTACLE_PROXIMITY,2
PROCEDURE_NOT_FOLLOWED,RUNWAY_CONDITION_HAZARD,2
GROUND_PERSONNEL_ERROR,AIRCRAFT_WEIGHT_OR_BALANCE_OUT_OF_LIMITS,2
FUEL_SYSTEM_ANOMALY,DECISION_INAPPROPRIATE,2
CREW_COORDINATION_FAILURE,PERCEPTION_FAILURE,2
DECISION_INAPPROPRIATE,LANDING_GEAR_ANOMALY,2
ORG_OR_REGULATORY_INADEQUATE,PERCEPTION_FAILURE,2
AUTOMATION_ANOMALY,STALL,2
ORG_OR_REGULATORY_INADEQUATE,CREW_COORDINATION_FAILURE,2
ADVERSE_WIND_CONDITION,CARBURETOR_OR_INDUCTION_ICING,2
INSTRUMENT_OR_AVIONICS_FAILURE,CONTROL_INPUT_IMPROPER,2
OTHER_SYSTEM_FAILURE,PROCEDURE_NOT_FOLLOWED,2
THUNDERSTORM_OR_CONVECTIVE,LOW_VISIBILITY_OR_IMC,2
CONTROL_INPUT_IMPROPER,FUEL_SYSTEM_ANOMALY,2
DECISION_INAPPROPRIATE,ICING_ENCOUNTER,2
ADVERSE_WIND_CONDITION,ALTITUDE_DEVIATION_UNCONTROLLED,2
AIRFRAME_STRUCTURAL_FAILURE,PERCEPTION_FAILURE,2
DARK_NIGHT_OR_LOW_LIGHT,PILOT_INCAPACITATION_OR_IMPAIRMENT,2
ADVERSE_WIND_CONDITION,LOW_ALTITUDE_OPERATION,2
ALTITUDE_DEVIATION_UNCONTROLLED,DECISION_INAPPROPRIATE,2
SPATIAL_DISORIENTATION,STALL,2
DESIGN_DEFECT_LATENT,PROCEDURE_NOT_FOLLOWED,2
DECISION_INAPPROPRIATE,ADVERSE_WIND_CONDITION,2
OTHER_SYSTEM_FAILURE,PILOT_INCAPACITATION_OR_IMPAIRMENT,2
OTHER_SYSTEM_FAILURE,AIRFRAME_STRUCTURAL_FAILURE,2
ATC_OR_DISPATCH_INADEQUATE,CONTROL_INPUT_IMPROPER,2
AUTOMATION_ANOMALY,PROCEDURE_NOT_FOLLOWED,2
ORG_OR_REGULATORY_INADEQUATE,CONTROL_INPUT_IMPROPER,2
PROCEDURE_NOT_FOLLOWED,TURBULENCE_ENCOUNTER,2
PILOT_INCAPACITATION_OR_IMPAIRMENT,SPATIAL_DISORIENTATION,2
THUNDERSTORM_OR_CONVECTIVE,LOSS_OF_CONTROL_INFLIGHT,2
FUEL_CONTAMINATION,FUEL_SYSTEM_ANOMALY,2
CONTROL_INPUT_IMPROPER,CARBURETOR_OR_INDUCTION_ICING,2
HIGH_DENSITY_ALTITUDE,PILOT_INCAPACITATION_OR_IMPAIRMENT,2
PROCEDURE_NOT_FOLLOWED,PILOT_INCAPACITATION_OR_IMPAIRMENT,2
PILOT_INCAPACITATION_OR_IMPAIRMENT,CREW_COORDINATION_FAILURE,2
BIRD_OR_WILDLIFE_STRIKE,CONTROL_SURFACE_ANOMALY,2
INFLIGHT_FIRE_OR_SMOKE,PILOT_INCAPACITATION_OR_IMPAIRMENT,2
ORG_OR_REGULATORY_INADEQUATE,LOSS_OF_CONTROL_INFLIGHT,2
ICING_ENCOUNTER,CONTROL_SURFACE_ANOMALY,2
HIGH_DENSITY_ALTITUDE,TURBULENCE_ENCOUNTER,2
SPATIAL_DISORIENTATION,PROCEDURE_NOT_FOLLOWED,2
PERCEPTION_FAILURE,FUEL_EXHAUSTION_OR_STARVATION,2
TERRAIN_OR_OBSTACLE_PROXIMITY,CONTROL_SURFACE_ANOMALY,2
PERCEPTION_FAILURE,AIRCRAFT_WEIGHT_OR_BALANCE_OUT_OF_LIMITS,2
WIND_SHEAR_OR_GUST,ALTITUDE_DEVIATION_UNCONTROLLED,2
MAINTENANCE_INADEQUATE,AIRCRAFT_WEIGHT_OR_BALANCE_OUT_OF_LIMITS,2
CONTROL_INPUT_IMPROPER,AUTOMATION_ANOMALY,2
CONTROL_INPUT_IMPROPER,TURBULENCE_ENCOUNTER,2
SPATIAL_DISORIENTATION,ALTITUDE_DEVIATION_UNCONTROLLED,2
LANDING_GEAR_ANOMALY,DECISION_INAPPROPRIATE,2
DECISION_INAPPROPRIATE,THUNDERSTORM_OR_CONVECTIVE,2
TRAINING_OR_CURRENCY_GAP,PILOT_INCAPACITATION_OR_IMPAIRMENT,2
STALL,PILOT_INCAPACITATION_OR_IMPAIRMENT,2
CONTROL_INPUT_IMPROPER,AIRCRAFT_WEIGHT_OR_BALANCE_OUT_OF_LIMITS,2
LATENT_MECHANICAL_DEFECT,PILOT_FATIGUE_OR_PHYSIOLOGICAL_STATE,2
PROCEDURE_NOT_FOLLOWED,STRUCTURAL_OVERLOAD,2
MAINTENANCE_INADEQUATE,LOSS_OF_CONTROL_INFLIGHT,2
DESIGN_DEFECT_LATENT,AIRCRAFT_WEIGHT_OR_BALANCE_OUT_OF_LIMITS,2
RUNWAY_CONDITION_HAZARD,PERCEPTION_FAILURE,2
LOSS_OF_CONTROL_INFLIGHT,AUTOMATION_ANOMALY,2
PROCEDURE_NOT_FOLLOWED,AUTOMATION_ANOMALY,2
DECISION_INAPPROPRIATE,STRUCTURAL_OVERLOAD,2
LATENT_MECHANICAL_DEFECT,LANDING_GEAR_ANOMALY,2
AIRFRAME_STRUCTURAL_FAILURE,LOSS_OF_CONTROL_GROUND,2
PERCEPTION_FAILURE,TERRAIN_OR_OBSTACLE_PROXIMITY,2
STALL,AIRFRAME_STRUCTURAL_FAILURE,2
PROCEDURE_NOT_FOLLOWED,TERRAIN_OR_OBSTACLE_PROXIMITY,2
LANDING_GEAR_ANOMALY,PERCEPTION_FAILURE,2
RUNWAY_CONDITION_HAZARD,AIRFRAME_STRUCTURAL_FAILURE,2
LATENT_MECHANICAL_DEFECT,STRUCTURAL_OVERLOAD,2
HIGH_DENSITY_ALTITUDE,LOSS_OF_CONTROL_GROUND,2
UNSUITABLE_TERRAIN_FOR_FORCED_LANDING,LOSS_OF_CONTROL_GROUND,2
DECISION_INAPPROPRIATE,CONTROL_SURFACE_ANOMALY,2
WIND_SHEAR_OR_GUST,TURBULENCE_ENCOUNTER,2
ATC_OR_DISPATCH_INADEQUATE,DECISION_INAPPROPRIATE,2
TERRAIN_OR_OBSTACLE_PROXIMITY,STRUCTURAL_OVERLOAD,2
SPATIAL_DISORIENTATION,DECISION_INAPPROPRIATE,1
PILOT_INCAPACITATION_OR_IMPAIRMENT,CONTROL_SURFACE_ANOMALY,1
ADVERSE_WIND_CONDITION,OTHER_SYSTEM_FAILURE,1
PERCEPTION_FAILURE,CREW_COORDINATION_FAILURE,1
CONTROL_SURFACE_ANOMALY,PILOT_INCAPACITATION_OR_IMPAIRMENT,1
OTHER_SYSTEM_FAILURE,SPATIAL_DISORIENTATION,1
DESIGN_DEFECT_LATENT,AUTOMATION_ANOMALY,1
ALTITUDE_DEVIATION_UNCONTROLLED,PILOT_INCAPACITATION_OR_IMPAIRMENT,1
DARK_NIGHT_OR_LOW_LIGHT,ALTITUDE_DEVIATION_UNCONTROLLED,1
ENGINE_FAILURE,INFLIGHT_FIRE_OR_SMOKE,1
ATC_OR_DISPATCH_INADEQUATE,SPATIAL_DISORIENTATION,1
FUEL_SYSTEM_ANOMALY,STALL,1
DESIGN_DEFECT_LATENT,PILOT_INCAPACITATION_OR_IMPAIRMENT,1
PILOT_FATIGUE_OR_PHYSIOLOGICAL_STATE,LOSS_OF_CONTROL_GROUND,1
TURBULENCE_ENCOUNTER,SPATIAL_DISORIENTATION,1
LOSS_OF_CONTROL_GROUND,LOSS_OF_CONTROL_INFLIGHT,1
LOSS_OF_CONTROL_INFLIGHT,LOW_ALTITUDE_OPERATION,1
ICING_ENCOUNTER,FUEL_CONTAMINATION,1
FUEL_CONTAMINATION,STALL,1
MAINTENANCE_INADEQUATE,LOSS_OF_CONTROL_GROUND,1
PILOT_FATIGUE_OR_PHYSIOLOGICAL_STATE,ALTITUDE_DEVIATION_UNCONTROLLED,1
LATENT_MECHANICAL_DEFECT,ALTITUDE_DEVIATION_UNCONTROLLED,1
ALTITUDE_DEVIATION_UNCONTROLLED,TERRAIN_OR_OBSTACLE_PROXIMITY,1
LATENT_MECHANICAL_DEFECT,FUEL_EXHAUSTION_OR_STARVATION,1
DECISION_INAPPROPRIATE,TRAINING_OR_CURRENCY_GAP,1
STALL,STRUCTURAL_OVERLOAD,1
AIRFRAME_STRUCTURAL_FAILURE,OTHER_SYSTEM_FAILURE,1
LANDING_GEAR_ANOMALY,CONTROL_INPUT_IMPROPER,1
ORG_OR_REGULATORY_INADEQUATE,INFLIGHT_FIRE_OR_SMOKE,1
SPATIAL_DISORIENTATION,STRUCTURAL_OVERLOAD,1
ATC_OR_DISPATCH_INADEQUATE,PROCEDURE_NOT_FOLLOWED,1
INSTRUMENT_OR_AVIONICS_FAILURE,LOSS_OF_CONTROL_INFLIGHT,1
DARK_NIGHT_OR_LOW_LIGHT,STALL,1
ORG_OR_REGULATORY_INADEQUATE,SPATIAL_DISORIENTATION,1
ORG_OR_REGULATORY_INADEQUATE,AUTOMATION_ANOMALY,1
MAINTENANCE_INADEQUATE,PILOT_INCAPACITATION_OR_IMPAIRMENT,1
MAINTENANCE_INADEQUATE,CARBURETOR_OR_INDUCTION_ICING,1
CREW_COORDINATION_FAILURE,FUEL_SYSTEM_ANOMALY,1
MAINTENANCE_INADEQUATE,FUEL_EXHAUSTION_OR_STARVATION,1
LOSS_OF_CONTROL_INFLIGHT,OTHER_SYSTEM_FAILURE,1
AIRFRAME_STRUCTURAL_FAILURE,DECISION_INAPPROPRIATE,1
ADVERSE_WIND_CONDITION,ICING_ENCOUNTER,1
ORG_OR_REGULATORY_INADEQUATE,PILOT_FATIGUE_OR_PHYSIOLOGICAL_STATE,1
LOW_VISIBILITY_OR_IMC,PILOT_INCAPACITATION_OR_IMPAIRMENT,1
LOW_ALTITUDE_OPERATION,ALTITUDE_DEVIATION_UNCONTROLLED,1
PILOT_FATIGUE_OR_PHYSIOLOGICAL_STATE,GROUND_PERSONNEL_ERROR,1
GROUND_PERSONNEL_ERROR,LOSS_OF_CONTROL_GROUND,1
GROUND_PERSONNEL_ERROR,FUEL_EXHAUSTION_OR_STARVATION,1
WIND_SHEAR_OR_GUST,PERCEPTION_FAILURE,1
LOW_VISIBILITY_OR_IMC,ATC_OR_DISPATCH_INADEQUATE,1
ATC_OR_DISPATCH_INADEQUATE,PERCEPTION_FAILURE,1
AIRCRAFT_WEIGHT_OR_BALANCE_OUT_OF_LIMITS,FUEL_EXHAUSTION_OR_STARVATION,1
FUEL_SYSTEM_ANOMALY,AUTOMATION_ANOMALY,1
DESIGN_DEFECT_LATENT,FUEL_EXHAUSTION_OR_STARVATION,1
MAINTENANCE_INADEQUATE,ORG_OR_REGULATORY_INADEQUATE,1
MAINTENANCE_INADEQUATE,GROUND_PERSONNEL_ERROR,1
AIRFRAME_STRUCTURAL_FAILURE,AUTOMATION_ANOMALY,1
GROUND_PERSONNEL_ERROR,FUEL_CONTAMINATION,1
ENGINE_FAILURE,PILOT_INCAPACITATION_OR_IMPAIRMENT,1
PILOT_INCAPACITATION_OR_IMPAIRMENT,ALTITUDE_DEVIATION_UNCONTROLLED,1
ADVERSE_WIND_CONDITION,CREW_COORDINATION_FAILURE,1
CREW_COORDINATION_FAILURE,SPATIAL_DISORIENTATION,1
LOW_VISIBILITY_OR_IMC,TURBULENCE_ENCOUNTER,1
LATENT_MECHANICAL_DEFECT,BIRD_OR_WILDLIFE_STRIKE,1
LATENT_MECHANICAL_DEFECT,INFLIGHT_FIRE_OR_SMOKE,1
LOW_ALTITUDE_OPERATION,SPATIAL_DISORIENTATION,1
DECISION_INAPPROPRIATE,OTHER_SYSTEM_FAILURE,1
AIRCRAFT_WEIGHT_OR_BALANCE_OUT_OF_LIMITS,BIRD_OR_WILDLIFE_STRIKE,1
TURBULENCE_ENCOUNTER,CONTROL_SURFACE_ANOMALY,1
HIGH_DENSITY_ALTITUDE,OTHER_SYSTEM_FAILURE,1
HIGH_DENSITY_ALTITUDE,ALTITUDE_DEVIATION_UNCONTROLLED,1
ALTITUDE_DEVIATION_UNCONTROLLED,PROCEDURE_NOT_FOLLOWED,1
FUEL_SYSTEM_ANOMALY,ALTITUDE_DEVIATION_UNCONTROLLED,1
INSTRUMENT_OR_AVIONICS_FAILURE,CREW_COORDINATION_FAILURE,1
PERCEPTION_FAILURE,ALTITUDE_DEVIATION_UNCONTROLLED,1
HIGH_DENSITY_ALTITUDE,STRUCTURAL_OVERLOAD,1
LATENT_MECHANICAL_DEFECT,AUTOMATION_ANOMALY,1
ORG_OR_REGULATORY_INADEQUATE,PILOT_INCAPACITATION_OR_IMPAIRMENT,1
MAINTENANCE_INADEQUATE,ICING_ENCOUNTER,1
DECISION_INAPPROPRIATE,INSTRUMENT_OR_AVIONICS_FAILURE,1
ICING_ENCOUNTER,OTHER_SYSTEM_FAILURE,1
OTHER_SYSTEM_FAILURE,CONTROL_SURFACE_ANOMALY,1
ORG_OR_REGULATORY_INADEQUATE,STALL,1
LOW_ALTITUDE_OPERATION,OTHER_SYSTEM_FAILURE,1
STALL,ENGINE_FAILURE,1
MAINTENANCE_INADEQUATE,AUTOMATION_ANOMALY,1
OTHER_SYSTEM_FAILURE,FUEL_CONTAMINATION,1
LOW_ALTITUDE_OPERATION,TERRAIN_OR_OBSTACLE_PROXIMITY,1
LOW_ALTITUDE_OPERATION,PILOT_INCAPACITATION_OR_IMPAIRMENT,1
DECISION_INAPPROPRIATE,HIGH_DENSITY_ALTITUDE,1
CREW_COORDINATION_FAILURE,ORG_OR_REGULATORY_INADEQUATE,1
AIRCRAFT_WEIGHT_OR_BALANCE_OUT_OF_LIMITS,PERCEPTION_FAILURE,1
AIRCRAFT_WEIGHT_OR_BALANCE_OUT_OF_LIMITS,SPATIAL_DISORIENTATION,1
DECISION_INAPPROPRIATE,CARBURETOR_OR_INDUCTION_ICING,1
DARK_NIGHT_OR_LOW_LIGHT,CREW_COORDINATION_FAILURE,1
STALL,CONTROL_SURFACE_ANOMALY,1
CONTROL_SURFACE_ANOMALY,SPATIAL_DISORIENTATION,1
PROCEDURE_NOT_FOLLOWED,ADVERSE_WIND_CONDITION,1
INSTRUMENT_OR_AVIONICS_FAILURE,PROCEDURE_NOT_FOLLOWED,1
DESIGN_DEFECT_LATENT,PERCEPTION_FAILURE,1
MAINTENANCE_INADEQUATE,PERCEPTION_FAILURE,1
HIGH_DENSITY_ALTITUDE,ENGINE_FAILURE,1
GROUND_PERSONNEL_ERROR,SPATIAL_DISORIENTATION,1
ORG_OR_REGULATORY_INADEQUATE,DESIGN_DEFECT_LATENT,1
STALL,INFLIGHT_FIRE_OR_SMOKE,1
LATENT_MECHANICAL_DEFECT,CREW_COORDINATION_FAILURE,1
AIRCRAFT_WEIGHT_OR_BALANCE_OUT_OF_LIMITS,CONTROL_SURFACE_ANOMALY,1
BIRD_OR_WILDLIFE_STRIKE,DECISION_INAPPROPRIATE,1
THUNDERSTORM_OR_CONVECTIVE,PERCEPTION_FAILURE,1
DECISION_INAPPROPRIATE,DARK_NIGHT_OR_LOW_LIGHT,1
RUNWAY_CONDITION_HAZARD,STRUCTURAL_OVERLOAD,1
OTHER_SYSTEM_FAILURE,FUEL_SYSTEM_ANOMALY,1
TRAINING_OR_CURRENCY_GAP,LOW_ALTITUDE_OPERATION,1
LOW_VISIBILITY_OR_IMC,AUTOMATION_ANOMALY,1
DESIGN_DEFECT_LATENT,STRUCTURAL_OVERLOAD,1
PROCEDURE_NOT_FOLLOWED,UNSUITABLE_TERRAIN_FOR_FORCED_LANDING,1
DECISION_INAPPROPRIATE,ATC_OR_DISPATCH_INADEQUATE,1
ATC_OR_DISPATCH_INADEQUATE,LOSS_OF_CONTROL_INFLIGHT,1
TRAINING_OR_CURRENCY_GAP,LOSS_OF_CONTROL_GROUND,1
PROCEDURE_NOT_FOLLOWED,MAINTENANCE_INADEQUATE,1
INFLIGHT_FIRE_OR_SMOKE,OTHER_SYSTEM_FAILURE,1
PROCEDURE_NOT_FOLLOWED,CREW_COORDINATION_FAILURE,1
TERRAIN_OR_OBSTACLE_PROXIMITY,LANDING_GEAR_ANOMALY,1
CONTROL_SURFACE_ANOMALY,LOSS_OF_CONTROL_GROUND,1
BIRD_OR_WILDLIFE_STRIKE,AIRFRAME_STRUCTURAL_FAILURE,1
ORG_OR_REGULATORY_INADEQUATE,DARK_NIGHT_OR_LOW_LIGHT,1
AIRFRAME_STRUCTURAL_FAILURE,PROCEDURE_NOT_FOLLOWED,1
AIRCRAFT_WEIGHT_OR_BALANCE_OUT_OF_LIMITS,LOSS_OF_CONTROL_GROUND,1
INSTRUMENT_OR_AVIONICS_FAILURE,DECISION_INAPPROPRIATE,1
CARBURETOR_OR_INDUCTION_ICING,PERCEPTION_FAILURE,1
DESIGN_DEFECT_LATENT,CONTROL_SURFACE_ANOMALY,1
FUEL_EXHAUSTION_OR_STARVATION,PERCEPTION_FAILURE,1
AIRCRAFT_WEIGHT_OR_BALANCE_OUT_OF_LIMITS,DESIGN_DEFECT_LATENT,1
DECISION_INAPPROPRIATE,FUEL_SYSTEM_ANOMALY,1
CONTROL_INPUT_IMPROPER,SPATIAL_DISORIENTATION,1
LATENT_MECHANICAL_DEFECT,TRAINING_OR_CURRENCY_GAP,1
CONTROL_SURFACE_ANOMALY,FUEL_EXHAUSTION_OR_STARVATION,1
AIRCRAFT_WEIGHT_OR_BALANCE_OUT_OF_LIMITS,PILOT_INCAPACITATION_OR_IMPAIRMENT,1
GROUND_PERSONNEL_ERROR,PERCEPTION_FAILURE,1
DECISION_INAPPROPRIATE,PILOT_FATIGUE_OR_PHYSIOLOGICAL_STATE,1
AIRCRAFT_WEIGHT_OR_BALANCE_OUT_OF_LIMITS,ENGINE_FAILURE,1
PILOT_FATIGUE_OR_PHYSIOLOGICAL_STATE,CREW_COORDINATION_FAILURE,1
ORG_OR_REGULATORY_INADEQUATE,ENGINE_FAILURE,1
PILOT_INCAPACITATION_OR_IMPAIRMENT,AIRFRAME_STRUCTURAL_FAILURE,1
LOSS_OF_CONTROL_GROUND,PERCEPTION_FAILURE,1
STALL,ALTITUDE_DEVIATION_UNCONTROLLED,1
LOW_VISIBILITY_OR_IMC,INSTRUMENT_OR_AVIONICS_FAILURE,1
INSTRUMENT_OR_AVIONICS_FAILURE,AUTOMATION_ANOMALY,1
OTHER_SYSTEM_FAILURE,INFLIGHT_FIRE_OR_SMOKE,1
MOUNTAINOUS_OR_RISING_TERRAIN,ADVERSE_WIND_CONDITION,1
UNSUITABLE_TERRAIN_FOR_FORCED_LANDING,STALL,1
DESIGN_DEFECT_LATENT,INFLIGHT_FIRE_OR_SMOKE,1
FUEL_CONTAMINATION,PERCEPTION_FAILURE,1
PERCEPTION_FAILURE,ENGINE_FAILURE,1
BIRD_OR_WILDLIFE_STRIKE,LOSS_OF_CONTROL_INFLIGHT,1
GROUND_PERSONNEL_ERROR,LOSS_OF_CONTROL_INFLIGHT,1
RUNWAY_CONDITION_HAZARD,TURBULENCE_ENCOUNTER,1
LOSS_OF_CONTROL_GROUND,CONTROL_SURFACE_ANOMALY,1
PERCEPTION_FAILURE,WIND_SHEAR_OR_GUST,1
TERRAIN_OR_OBSTACLE_PROXIMITY,WIND_SHEAR_OR_GUST,1
UNSUITABLE_TERRAIN_FOR_FORCED_LANDING,LOSS_OF_CONTROL_INFLIGHT,1
FUEL_EXHAUSTION_OR_STARVATION,STALL,1
CONTROL_INPUT_IMPROPER,INFLIGHT_FIRE_OR_SMOKE,1
RUNWAY_CONDITION_HAZARD,PROCEDURE_NOT_FOLLOWED,1
CREW_COORDINATION_FAILURE,PILOT_FATIGUE_OR_PHYSIOLOGICAL_STATE,1
DECISION_INAPPROPRIATE,LATENT_MECHANICAL_DEFECT,1
AIRFRAME_STRUCTURAL_FAILURE,CREW_COORDINATION_FAILURE,1
OTHER_SYSTEM_FAILURE,LOW_VISIBILITY_OR_IMC,1
PILOT_FATIGUE_OR_PHYSIOLOGICAL_STATE,FUEL_EXHAUSTION_OR_STARVATION,1
WIND_SHEAR_OR_GUST,OTHER_SYSTEM_FAILURE,1
LOW_ALTITUDE_OPERATION,WIND_SHEAR_OR_GUST,1
PROCEDURE_NOT_FOLLOWED,INFLIGHT_FIRE_OR_SMOKE,1
FUEL_EXHAUSTION_OR_STARVATION,UNSUITABLE_TERRAIN_FOR_FORCED_LANDING,1
LOW_ALTITUDE_OPERATION,LOSS_OF_CONTROL_GROUND,1
TURBULENCE_ENCOUNTER,AUTOMATION_ANOMALY,1
LOSS_OF_CONTROL_INFLIGHT,RUNWAY_CONDITION_HAZARD,1
DECISION_INAPPROPRIATE,BIRD_OR_WILDLIFE_STRIKE,1
BIRD_OR_WILDLIFE_STRIKE,OTHER_SYSTEM_FAILURE,1
CONTROL_INPUT_IMPROPER,WIND_SHEAR_OR_GUST,1
LOSS_OF_CONTROL_GROUND,STALL,1
PERCEPTION_FAILURE,CARBURETOR_OR_INDUCTION_ICING,1
ENGINE_FAILURE,ADVERSE_WIND_CONDITION,1
LOSS_OF_CONTROL_INFLIGHT,ADVERSE_WIND_CONDITION,1
AIRFRAME_STRUCTURAL_FAILURE,ENGINE_FAILURE,1
ADVERSE_WIND_CONDITION,TERRAIN_OR_OBSTACLE_PROXIMITY,1
ENGINE_FAILURE,ALTITUDE_DEVIATION_UNCONTROLLED,1
LOSS_OF_CONTROL_GROUND,DARK_NIGHT_OR_LOW_LIGHT,1
CREW_COORDINATION_FAILURE,AUTOMATION_ANOMALY,1
GROUND_PERSONNEL_ERROR,TURBULENCE_ENCOUNTER,1
LOW_VISIBILITY_OR_IMC,ALTITUDE_DEVIATION_UNCONTROLLED,1
PILOT_INCAPACITATION_OR_IMPAIRMENT,LOW_ALTITUDE_OPERATION,1
MOUNTAINOUS_OR_RISING_TERRAIN,SPATIAL_DISORIENTATION,1
TERRAIN_OR_OBSTACLE_PROXIMITY,INFLIGHT_FIRE_OR_SMOKE,1
INFLIGHT_FIRE_OR_SMOKE,ENGINE_FAILURE,1
TERRAIN_OR_OBSTACLE_PROXIMITY,AIRFRAME_STRUCTURAL_FAILURE,1
ICING_ENCOUNTER,WIND_SHEAR_OR_GUST,1
AUTOMATION_ANOMALY,ALTITUDE_DEVIATION_UNCONTROLLED,1
LATENT_MECHANICAL_DEFECT,AIRCRAFT_WEIGHT_OR_BALANCE_OUT_OF_LIMITS,1
DARK_NIGHT_OR_LOW_LIGHT,TURBULENCE_ENCOUNTER,1
CONTROL_SURFACE_ANOMALY,OTHER_SYSTEM_FAILURE,1
HIGH_DENSITY_ALTITUDE,AIRCRAFT_WEIGHT_OR_BALANCE_OUT_OF_LIMITS,1
ORG_OR_REGULATORY_INADEQUATE,ATC_OR_DISPATCH_INADEQUATE,1
