src,edge_type,dst,count
COND:mechanical,CAUSES,EVT:BRAKE_FAILURE,1
COND:mechanical,CAUSES,EVT:INFLIGHT_FIRE_OR_SMOKE,5
COND:mechanical,CAUSES,EVT:LANDING_GEAR_ANOMALY,8
COND:mechanical,INDUCED_CONDITION,COND:latent_defect,1
COND:mechanical,CAUSES,COND:latent_defect,1
COND:mechanical,CAUSES,EVT:FUEL_SYSTEM_ANOMALY,4
COND:mechanical,UNDER_CONDITION,EVT:FUEL_SYSTEM_ANOMALY,1
COND:mechanical,UNDER_CONDITION,ENT:aircraft,1
COND:mechanical,CAUSES,EVT:ENGINE_FAILURE,27
COND:mechanical,INDUCED_CONDITION,EVT:ENGINE_FAILURE,1
COND:mechanical,CONTRIBUTES_TO,EVT:ENGINE_FAILURE,2
COND:mechanical,CAUSES,COND:mechanical,11
COND:mechanical,ENABLES,COND:mechanical,1
COND:mechanical,CO_OCCURS,COND:mechanical,1
COND:mechanical,CAUSES,COND:organizational,1
COND:mechanical,UNDER_CONDITION,EVT:DESIGN_DEFECT_LATENT,1
COND:mechanical,CAUSES,EVT:DESIGN_DEFECT_LATENT,1
COND:mechanical,CAUSES,EVT:INSTRUMENT_OR_AVIONICS_FAILURE,2
COND:mechanical,CAUSES,EVT:GROUND_IMPACT,1
COND:mechanical,CAUSES,COND:information,1
COND:mechanical,CAUSES,EVT:AIRFRAME_STRUCTURAL_FAILURE,4
COND:mechanical,CAUSES,EVT:STALL,1
COND:mechanical,UNDER_CONDITION,EVT:PROCEDURE_NOT_FOLLOWED,1
EVT:BRAKE_FAILURE,UNDER_CONDITION,COND:mechanical,1
EVT:BRAKE_FAILURE,RESPONDS_TO,EVT:CONTROL_INPUT_IMPROPER,1
EVT:BRAKE_FAILURE,AFFECTS,ENT:component,1
EVT:CONTROL_INPUT_IMPROPER,CAUSES,EVT:RUNWAY_EXCURSION_OR_OVERRUN,1
EVT:CONTROL_INPUT_IMPROPER,CAUSES,EVT:STALL,2
EVT:CONTROL_INPUT_IMPROPER,TRIGGERS,EVT:ENGINE_FAILURE,1
EVT:CONTROL_INPUT_IMPROPER,CAUSES,EVT:GROUND_IMPACT,4
EVT:CONTROL_INPUT_IMPROPER,CAUSES,EVT:SUCCESSFUL_RECOVERY,1
EVT:CONTROL_INPUT_IMPROPER,TRIGGERS,EVT:DECISION_INAPPROPRIATE,1
EVT:CONTROL_INPUT_IMPROPER,UNDER_CONDITION,COND:environmental,1
EVT:RUNWAY_EXCURSION_OR_OVERRUN,CAUSES,EVT:GROUND_IMPACT,4
EVT:GROUND_IMPACT,TRIGGERS,EVT:LANDING_GEAR_ANOMALY,2
EVT:GROUND_IMPACT,CAUSES,EVT:STRUCTURAL_OVERLOAD,3
EVT:GROUND_IMPACT,CAUSES,EVT:INJURY_OR_FATALITY,5
EVT:GROUND_IMPACT,TRIGGERS,EVT:SUCCESSFUL_RECOVERY,1
EVT:INFLIGHT_FIRE_OR_SMOKE,RESPONDS_TO,EVT:PROCEDURE_FOLLOWED,1
EVT:INFLIGHT_FIRE_OR_SMOKE,CAUSES,EVT:EMERGENCY_LANDING,2
EVT:INFLIGHT_FIRE_OR_SMOKE,CAUSES,EVT:INFLIGHT_FIRE_OR_SMOKE,3
EVT:INFLIGHT_FIRE_OR_SMOKE,CAUSES,EVT:STRUCTURAL_OVERLOAD,1
EVT:INFLIGHT_FIRE_OR_SMOKE,RESPONDS_TO,EVT:PROCEDURE_NOT_FOLLOWED,2
EVT:INFLIGHT_FIRE_OR_SMOKE,INHIBITS,EVT:PROCEDURE_NOT_FOLLOWED,1
EVT:INFLIGHT_FIRE_OR_SMOKE,CAUSES,COND:environmental,1
EVT:INFLIGHT_FIRE_OR_SMOKE,INDUCED_CONDITION,COND:environmental,1
EVT:INFLIGHT_FIRE_OR_SMOKE,CAUSES,EVT:GROUND_IMPACT,1
COND:organizational,CAUSES,COND:mechanical,10
COND:organizational,CONTRIBUTES_TO,COND:mechanical,1
COND:organizational,INDUCED_CONDITION,COND:mechanical,1
COND:organizational,ENABLES,COND:mechanical,1
COND:organizational,CONTRIBUTES_TO,COND:organizational,1
COND:organizational,CAUSES,EVT:MAINTENANCE_INADEQUATE,4
EVT:PROCEDURE_FOLLOWED,MITIGATES,EVT:EMERGENCY_LANDING,1
EVT:PROCEDURE_FOLLOWED,CAUSES,EVT:GROUND_IMPACT,1
EVT:EMERGENCY_LANDING,CAUSES,EVT:GROUND_IMPACT,5
EVT:EMERGENCY_LANDING,CAUSES,EVT:RUNWAY_EXCURSION_OR_OVERRUN,2
EVT:EMERGENCY_LANDING,CAUSES,EVT:LOSS_OF_CONTROL_INFLIGHT,1
EVT:EMERGENCY_LANDING,TRIGGERS,EVT:LANDING_GEAR_ANOMALY,1
EVT:EMERGENCY_LANDING,UNDER_CONDITION,COND:weather,1
EVT:LANDING_GEAR_ANOMALY,CAUSES,EVT:AIRFRAME_STRUCTURAL_FAILURE,1
EVT:LANDING_GEAR_ANOMALY,UNDER_CONDITION,COND:mechanical,2
EVT:LANDING_GEAR_ANOMALY,CAUSES,EVT:GROUND_IMPACT,2
EVT:LANDING_GEAR_ANOMALY,RESPONDS_TO,EVT:PROCEDURE_NOT_FOLLOWED,1
EVT:LANDING_GEAR_ANOMALY,RESPONDS_TO,EVT:DECISION_INAPPROPRIATE,2
EVT:LANDING_GEAR_ANOMALY,CAUSES,EVT:LOSS_OF_CONTROL_GROUND,2
EVT:LANDING_GEAR_ANOMALY,CAUSES,EVT:RUNWAY_EXCURSION_OR_OVERRUN,2
EVT:RUNWAY_CONDITION_HAZARD,TRIGGERS,EVT:LANDING_GEAR_ANOMALY,2
EVT:RUNWAY_CONDITION_HAZARD,UNDER_CONDITION,COND:environmental,1
EVT:AIRFRAME_STRUCTURAL_FAILURE,CAUSES,EVT:GROUND_IMPACT,1
EVT:AIRFRAME_STRUCTURAL_FAILURE,CAUSES,EVT:INFLIGHT_BREAKUP,1
EVT:AIRFRAME_STRUCTURAL_FAILURE,CAUSES,EVT:CONTROL_SURFACE_ANOMALY,1
EVT:AIRFRAME_STRUCTURAL_FAILURE,CAUSES,EVT:LOSS_OF_CONTROL_INFLIGHT,1
EVT:AIRFRAME_STRUCTURAL_FAILURE,CAUSES,EVT:EMERGENCY_LANDING,1
EVT:AIRFRAME_STRUCTURAL_FAILURE,INDUCED_CONDITION,COND:mechanical,1
EVT:AIRFRAME_STRUCTURAL_FAILURE,UNDER_CONDITION,ENT:component,1
COND:environmental,CAUSES,EVT:DECISION_INAPPROPRIATE,1
COND:environmental,CONTRIBUTES_TO,EVT:DECISION_INAPPROPRIATE,1
COND:environmental,CAUSES,COND:mechanical,1
COND:environmental,CAUSES,EVT:CONTROL_INPUT_IMPROPER,1
COND:environmental,INHIBITS,EVT:PERCEPTION_FAILURE,1
EVT:MAINTENANCE_INADEQUATE,CAUSES,COND:mechanical,11
EVT:MAINTENANCE_INADEQUATE,ENABLES,COND:mechanical,2
EVT:MAINTENANCE_INADEQUATE,INDUCED_CONDITION,COND:mechanical,1
EVT:MAINTENANCE_INADEQUATE,UNDER_CONDITION,COND:organizational,1
EVT:MAINTENANCE_INADEQUATE,CAUSES,COND:organizational,2
EVT:MAINTENANCE_INADEQUATE,INDUCED_CONDITION,COND:organizational,1
EVT:MAINTENANCE_INADEQUATE,SUPERVISED_BY,ENT:organization,1
EVT:MAINTENANCE_INADEQUATE,CAUSES,COND:unknown,1
COND:latent_defect,CAUSES,EVT:ENGINE_FAILURE,1
EVT:FUEL_SYSTEM_ANOMALY,CAUSES,EVT:ENGINE_FAILURE,3
EVT:FUEL_SYSTEM_ANOMALY,CAUSES,COND:mechanical,1
EVT:FUEL_SYSTEM_ANOMALY,CAUSES,EVT:INFLIGHT_FIRE_OR_SMOKE,1
EVT:FUEL_SYSTEM_ANOMALY,MASKED_BY_CONDITION,COND:cognitive,1
COND:cognitive,CAUSES,EVT:DECISION_INAPPROPRIATE,2
EVT:DECISION_INAPPROPRIATE,CONTRIBUTES_TO,EVT:ENGINE_FAILURE,3
EVT:DECISION_INAPPROPRIATE,CAUSES,EVT:ENGINE_FAILURE,1
EVT:DECISION_INAPPROPRIATE,CAUSES,EVT:STRUCTURAL_OVERLOAD,1
EVT:DECISION_INAPPROPRIATE,CAUSES,EVT:GROUND_IMPACT,7
EVT:DECISION_INAPPROPRIATE,CAUSES,EVT:CONTROL_INPUT_IMPROPER,2
EVT:DECISION_INAPPROPRIATE,PRECEDES,EVT:CONTROL_INPUT_IMPROPER,1
EVT:DECISION_INAPPROPRIATE,TRIGGERS,EVT:CONTROL_INPUT_IMPROPER,1
EVT:DECISION_INAPPROPRIATE,CAUSES,EVT:PROCEDURE_NOT_FOLLOWED,1
EVT:DECISION_INAPPROPRIATE,CAUSES,EVT:STALL,1
EVT:DECISION_INAPPROPRIATE,CAUSES,EVT:TERRAIN_OR_OBSTACLE_PROXIMITY,1
EVT:DECISION_INAPPROPRIATE,CAUSES,EVT:EMERGENCY_LANDING,2
EVT:ENGINE_FAILURE,CAUSES,EVT:EMERGENCY_LANDING,5
EVT:ENGINE_FAILURE,RESPONDS_TO,EVT:EMERGENCY_LANDING,1
EVT:ENGINE_FAILURE,RESPONDS_TO,EVT:PROCEDURE_NOT_FOLLOWED,9
EVT:ENGINE_FAILURE,TRIGGERS,EVT:PROCEDURE_NOT_FOLLOWED,2
EVT:ENGINE_FAILURE,TRIGGERS,EVT:DECISION_INAPPROPRIATE,4
EVT:ENGINE_FAILURE,RESPONDS_TO,EVT:DECISION_INAPPROPRIATE,5
EVT:ENGINE_FAILURE,CAUSES,EVT:DECISION_INAPPROPRIATE,2
EVT:ENGINE_FAILURE,CAUSES,EVT:TERRAIN_OR_OBSTACLE_PROXIMITY,1
EVT:ENGINE_FAILURE,CAUSES,EVT:AIRFRAME_STRUCTURAL_FAILURE,2
EVT:ENGINE_FAILURE,TRIGGERS,EVT:CONTROL_INPUT_IMPROPER,2
EVT:ENGINE_FAILURE,RESPONDS_TO,EVT:CONTROL_INPUT_IMPROPER,3
EVT:ENGINE_FAILURE,CAUSES,EVT:ENGINE_FAILURE,1
EVT:ENGINE_FAILURE,CAUSES,EVT:GROUND_IMPACT,5
EVT:ENGINE_FAILURE,UNDER_CONDITION,COND:mechanical,3
EVT:ENGINE_FAILURE,UNDER_CONDITION,COND:environmental,1
EVT:ENGINE_FAILURE,CAUSES,EVT:INFLIGHT_FIRE_OR_SMOKE,2
EVT:ENGINE_FAILURE,RESPONDS_TO,EVT:PROCEDURE_FOLLOWED,1
EVT:PROCEDURE_NOT_FOLLOWED,CAUSES,EVT:LANDING_GEAR_ANOMALY,1
EVT:PROCEDURE_NOT_FOLLOWED,RESPONDS_TO,EVT:LANDING_GEAR_ANOMALY,1
EVT:PROCEDURE_NOT_FOLLOWED,CAUSES,EVT:CONTROL_SURFACE_ANOMALY,1
EVT:PROCEDURE_NOT_FOLLOWED,CAUSES,EVT:ALTITUDE_DEVIATION_UNCONTROLLED,1
EVT:PROCEDURE_NOT_FOLLOWED,TRIGGERS,EVT:FUEL_SYSTEM_ANOMALY,1
EVT:PROCEDURE_NOT_FOLLOWED,PRECEDES,EVT:PROCEDURE_NOT_FOLLOWED,1
EVT:PROCEDURE_NOT_FOLLOWED,CONTRIBUTES_TO,EVT:EMERGENCY_LANDING,2
EVT:PROCEDURE_NOT_FOLLOWED,CAUSES,EVT:EMERGENCY_LANDING,4
EVT:PROCEDURE_NOT_FOLLOWED,INDUCED_CONDITION,COND:mechanical,1
EVT:PROCEDURE_NOT_FOLLOWED,CAUSES,COND:mechanical,1
EVT:PROCEDURE_NOT_FOLLOWED,CONTRIBUTES_TO,EVT:DECISION_INAPPROPRIATE,1
EVT:PROCEDURE_NOT_FOLLOWED,ENABLES,COND:unknown,1
EVT:PROCEDURE_NOT_FOLLOWED,CAUSES,EVT:STALL,1
EVT:PROCEDURE_NOT_FOLLOWED,CONTRIBUTES_TO,EVT:GROUND_IMPACT,1
EVT:PROCEDURE_NOT_FOLLOWED,CAUSES,EVT:GROUND_IMPACT,1
EVT:PROCEDURE_NOT_FOLLOWED,CONCURRENT,EVT:INFLIGHT_FIRE_OR_SMOKE,1
EVT:PROCEDURE_NOT_FOLLOWED,RESPONDS_TO,EVT:INFLIGHT_FIRE_OR_SMOKE,1
EVT:STRUCTURAL_OVERLOAD,CAUSES,EVT:GROUND_IMPACT,1
COND:weather,CAUSES,EVT:ENGINE_FAILURE,1
COND:weather,CONTRIBUTES_TO,EVT:INFLIGHT_FIRE_OR_SMOKE,1
EVT:CONTROL_SURFACE_ANOMALY,INHIBITS,EVT:ENGINE_FAILURE,1
EVT:CONTROL_SURFACE_ANOMALY,RESPONDS_TO,EVT:DECISION_INAPPROPRIATE,1
EVT:CONTROL_SURFACE_ANOMALY,CAUSES,EVT:GROUND_IMPACT,1
EVT:CONTROL_SURFACE_ANOMALY,RESPONDS_TO,EVT:CONTROL_INPUT_IMPROPER,1
EVT:ALTITUDE_DEVIATION_UNCONTROLLED,CAUSES,EVT:GROUND_IMPACT,1
EVT:TERRAIN_OR_OBSTACLE_PROXIMITY,CAUSES,EVT:TERRAIN_OR_OBSTACLE_PROXIMITY,1
EVT:TERRAIN_OR_OBSTACLE_PROXIMITY,CAUSES,EVT:GROUND_IMPACT,2
EVT:DESIGN_DEFECT_LATENT,CAUSES,EVT:LOSS_OF_CONTROL_INFLIGHT,1
EVT:DESIGN_DEFECT_LATENT,CONTRIBUTES_TO,EVT:AIRFRAME_STRUCTURAL_FAILURE,1
EVT:LOSS_OF_CONTROL_INFLIGHT,CAUSES,EVT:GROUND_IMPACT,2
EVT:LOSS_OF_CONTROL_INFLIGHT,CAUSES,EVT:WATER_IMPACT,1
COND:operational,CAUSES,EVT:DECISION_INAPPROPRIATE,1
COND:operational,ENABLES,EVT:ENGINE_FAILURE,1
COND:knowledge,CAUSES,EVT:DECISION_INAPPROPRIATE,1
EVT:STALL,CAUSES,EVT:GROUND_IMPACT,3
EVT:STALL,UNDER_CONDITION,COND:mechanical,1
EVT:STALL,CAUSES,EVT:WATER_IMPACT,1
EVT:STALL,RESPONDS_TO,EVT:CONTROL_INPUT_IMPROPER,1
EVT:STALL,CAUSES,EVT:EMERGENCY_LANDING,1
COND:maintenance,CAUSES,COND:mechanical,3
EVT:INSTRUMENT_OR_AVIONICS_FAILURE,INDUCED_CONDITION,COND:mechanical,1
EVT:INSTRUMENT_OR_AVIONICS_FAILURE,UNDER_CONDITION,COND:mechanical,1
EVT:GROUND_PERSONNEL_ERROR,CONTRIBUTES_TO,EVT:INFLIGHT_FIRE_OR_SMOKE,1
EVT:LOSS_OF_CONTROL_GROUND,CAUSES,EVT:GROUND_IMPACT,1
EVT:LOSS_OF_CONTROL_GROUND,CAUSES,EVT:RUNWAY_EXCURSION_OR_OVERRUN,1
COND:information,MASKED_BY_CONDITION,COND:mechanical,1
EVT:INFLIGHT_BREAKUP,CAUSES,EVT:GROUND_IMPACT,1
EVT:TAKEOFF,TRIGGERS,EVT:LOSS_OF_CONTROL_INFLIGHT,1
COND:unknown,CAUSES,COND:unknown,1
COND:unknown,CAUSES,EVT:CONTROL_SURFACE_ANOMALY,1
COND:human_factors,ENABLES,EVT:DECISION_INAPPROPRIATE,1
COND:design,CAUSES,COND:mechanical,1
