src,dst,direction_score,support_count,llm_prior,laplacian_prior,pc_directed,pc_oriented_by_llm,from_cpdag_undirected
CONTROL_INPUT_IMPROPER,LOSS_OF_CONTROL_GROUND,0.9,24,,,1,0,0
PROCEDURE_NOT_FOLLOWED,CONTROL_INPUT_IMPROPER,0.8235294117647058,77,,,1,0,0
ENGINE_FAILURE,PERCEPTION_FAILURE,0.8571428571428571,22,,,1,0,0
CONTROL_SURFACE_ANOMALY,ENGINE_FAILURE,0.8888888888888888,13,,,1,0,0
CONTROL_SURFACE_ANOMALY,LOSS_OF_CONTROL_INFLIGHT,0.9523809523809523,29,,,1,0,0
LANDING_GEAR_ANOMALY,ENGINE_FAILURE,0.25,24,,,1,0,0
INFLIGHT_FIRE_OR_SMOKE,CONTROL_INPUT_IMPROPER,0.4,15,,,1,0,0
INFLIGHT_FIRE_OR_SMOKE,LANDING_GEAR_ANOMALY,0.6666666666666666,11,,,1,0,0
INFLIGHT_FIRE_OR_SMOKE,GROUND_IMPACT,0.3103448275862069,48,,,1,0,0
MAINTENANCE_INADEQUATE,DECISION_INAPPROPRIATE,0.6666666666666666,16,,,1,0,0
LOSS_OF_CONTROL_INFLIGHT,DECISION_INAPPROPRIATE,0.25,14,,,1,0,0
GROUND_IMPACT,PROCEDURE_NOT_FOLLOWED,0.03773584905660377,240,,,1,0,0
GROUND_IMPACT,ENGINE_FAILURE,0.024691358024691357,358,,,1,0,0
RUNWAY_EXCURSION_OR_OVERRUN,ENGINE_FAILURE,0.2,30,,,1,0,0
RUNWAY_EXCURSION_OR_OVERRUN,GROUND_IMPACT,0.8909090909090909,77,,,1,0,0
SUCCESSFUL_RECOVERY,GROUND_IMPACT,0.3333333333333333,10,,,1,0,0
EMERGENCY_LANDING,DECISION_INAPPROPRIATE,0.030303030303030304,41,,,1,0,0
EMERGENCY_LANDING,CONTROL_INPUT_IMPROPER,0.16666666666666666,27,,,1,0,0
EMERGENCY_LANDING,GROUND_IMPACT,0.9855072463768116,83,,,1,0,0
INJURY_OR_FATALITY,LOSS_OF_CONTROL_INFLIGHT,0.3333333333333333,28,,,1,0,0
